ts,server,online,count
1781446567,AltarExtra,1,23
1781446687,AltarExtra,1,23
1781446808,AltarExtra,1,23
1781446928,AltarExtra,1,22
1781447048,AltarExtra,1,22
1781447182,AltarExtra,1,22
1781447189,AltarExtra,1,23
1781447310,AltarExtra,1,24
1781447430,AltarExtra,1,27
1781447551,AltarExtra,1,25
1781447671,AltarExtra,1,26
1781447791,AltarExtra,1,25
1781447912,AltarExtra,1,26
1781448032,AltarExtra,1,23
1781448153,AltarExtra,1,21
1781448273,AltarExtra,1,20
1781448393,AltarExtra,1,21
1781448514,AltarExtra,1,22
1781448634,AltarExtra,1,23
1781448754,AltarExtra,1,24
1781448875,AltarExtra,1,23
1781448995,AltarExtra,1,23
1781449116,AltarExtra,1,24
1781449236,AltarExtra,1,17
1781449356,AltarExtra,1,15
1781449477,AltarExtra,1,15
1781449597,AltarExtra,1,15
1781449718,AltarExtra,1,19
1781449838,AltarExtra,1,22
1781449959,AltarExtra,1,22
1781450079,AltarExtra,1,22
1781450199,AltarExtra,1,22
1781450320,AltarExtra,1,22
1781450440,AltarExtra,1,22
1781450561,AltarExtra,1,23
1781450681,AltarExtra,1,22
1781450801,AltarExtra,1,27
1781450922,AltarExtra,1,27
1781451042,AltarExtra,1,26
1781451162,AltarExtra,1,26
1781451283,AltarExtra,1,25
1781451403,AltarExtra,1,24
1781451523,AltarExtra,1,24
1781451644,AltarExtra,1,26
1781451764,AltarExtra,1,26
1781451884,AltarExtra,1,30
1781452005,AltarExtra,1,30
1781452125,AltarExtra,1,28
1781452246,AltarExtra,1,29
1781452366,AltarExtra,1,28
1781452486,AltarExtra,1,29
1781452607,AltarExtra,1,24
1781452727,AltarExtra,1,29
1781452848,AltarExtra,1,33
1781452968,AltarExtra,1,32
1781453088,AltarExtra,1,33
1781453209,AltarExtra,1,35
1781453329,AltarExtra,1,36
1781453449,AltarExtra,1,36
1781453570,AltarExtra,1,36
1781453690,AltarExtra,1,38
1781453811,AltarExtra,1,39
1781453931,AltarExtra,1,35
1781454052,AltarExtra,1,38
1781454172,AltarExtra,1,40
1781454292,AltarExtra,1,41
1781454413,AltarExtra,1,41
1781454533,AltarExtra,1,40
1781454654,AltarExtra,1,40
1781454774,AltarExtra,1,41
1781454894,AltarExtra,1,40
1781455015,AltarExtra,1,39
1781455135,AltarExtra,1,38
1781455255,AltarExtra,1,36
1781455376,AltarExtra,1,37
1781455496,AltarExtra,1,39
1781455616,AltarExtra,1,40
1781455737,AltarExtra,1,44
1781455857,AltarExtra,1,44
1781455978,AltarExtra,1,47
1781456098,AltarExtra,1,49
1781456218,AltarExtra,1,50
1781456339,AltarExtra,1,50
1781456459,AltarExtra,1,49
1781456580,AltarExtra,1,48
1781456700,AltarExtra,1,47
1781456820,AltarExtra,1,43
1781456941,AltarExtra,1,42
1781457061,AltarExtra,1,46
1781457108,AltarExtra,1,46
1781457182,AltarExtra,1,45
1781457302,AltarExtra,1,45
1781457423,AltarExtra,1,44
1781457543,AltarExtra,1,45
1781457663,AltarExtra,1,39
1781457784,AltarExtra,1,39
1781457904,AltarExtra,1,44
1781458025,AltarExtra,1,44
1781458090,AltarExtra,1,41
1781458145,AltarExtra,1,43
1781458265,AltarExtra,1,44
1781458386,AltarExtra,1,43
1781458506,AltarExtra,1,47
1781458626,AltarExtra,1,47
1781458747,AltarExtra,1,46
1781458867,AltarExtra,1,45
1781458987,AltarExtra,1,42
1781459108,AltarExtra,1,42
1781459228,AltarExtra,1,43
1781459348,AltarExtra,1,41
1781459412,AltarExtra,1,42
1781459469,AltarExtra,1,41
1781459589,AltarExtra,1,39
1781459710,AltarExtra,1,38
1781459830,AltarExtra,1,38
1781459950,AltarExtra,1,39
1781460071,AltarExtra,1,41
1781460191,AltarExtra,1,42
1781460312,AltarExtra,1,43
1781460432,AltarExtra,1,40
1781460552,AltarExtra,1,41
1781460673,AltarExtra,1,40
1781460793,AltarExtra,1,40
1781460913,AltarExtra,1,39
1781461034,AltarExtra,1,38
1781461154,AltarExtra,1,37
1781461274,AltarExtra,1,36
1781461368,AltarExtra,1,37
1781461395,AltarExtra,1,37
1781461515,AltarExtra,1,35
1781461636,AltarExtra,1,34
1781461756,AltarExtra,1,36
1781461876,AltarExtra,1,33
1781461997,AltarExtra,1,32
1781462117,AltarExtra,1,33
1781462238,AltarExtra,1,31
1781462358,AltarExtra,1,34
1781462478,AltarExtra,1,31
1781462599,AltarExtra,1,30
1781462719,AltarExtra,1,30
1781462840,AltarExtra,1,27
1781462960,AltarExtra,1,30
1781463080,AltarExtra,1,33
1781463201,AltarExtra,1,31
1781463321,AltarExtra,1,32
1781463441,AltarExtra,1,32
1781463562,AltarExtra,1,35
1781463682,AltarExtra,1,34
1781463803,AltarExtra,1,32
1781463923,AltarExtra,1,34
1781464043,AltarExtra,1,38
1781464164,AltarExtra,1,38
1781464284,AltarExtra,1,37
1781464404,AltarExtra,1,38
1781464525,AltarExtra,1,38
1781464645,AltarExtra,1,39
1781464765,AltarExtra,1,41
1781464886,AltarExtra,1,45
1781465006,AltarExtra,1,47
1781465127,AltarExtra,1,45
1781465247,AltarExtra,1,48
1781465367,AltarExtra,1,49
1781465488,AltarExtra,1,49
1781465608,AltarExtra,1,48
1781465729,AltarExtra,1,50
1781465849,AltarExtra,1,50
1781465969,AltarExtra,1,47
1781466090,AltarExtra,1,48
1781466210,AltarExtra,1,49
1781466330,AltarExtra,1,53
1781466451,AltarExtra,1,52
1781466571,AltarExtra,1,58
1781466691,AltarExtra,1,55
1781466812,AltarExtra,1,55
1781466932,AltarExtra,1,57
1781467053,AltarExtra,1,58
1781467173,AltarExtra,1,54
1781467293,AltarExtra,1,53
1781467414,AltarExtra,1,52
1781467534,AltarExtra,1,48
1781467655,AltarExtra,1,49
1781467775,AltarExtra,1,51
1781467853,AltarExtra,1,50
1781467895,AltarExtra,1,52
1781468016,AltarExtra,1,49
1781468136,AltarExtra,1,49
1781468255,AltarExtra,1,50
1781468375,AltarExtra,1,52
1781468496,AltarExtra,1,52
1781468616,AltarExtra,1,53
1781468737,AltarExtra,1,52
1781468857,AltarExtra,1,51
1781468977,AltarExtra,1,50
1781469098,AltarExtra,1,49
1781469218,AltarExtra,1,49
1781469339,AltarExtra,1,48
1781469459,AltarExtra,1,50
1781469579,AltarExtra,1,47
1781469700,AltarExtra,1,46
1781469820,AltarExtra,1,45
1781469941,AltarExtra,1,45
1781470061,AltarExtra,1,44
1781470181,AltarExtra,1,41
1781470302,AltarExtra,1,42
1781470422,AltarExtra,1,44
1781470543,AltarExtra,1,43
1781470663,AltarExtra,1,47
1781470784,AltarExtra,1,47
1781470904,AltarExtra,1,47
1781471024,AltarExtra,1,47
1781471145,AltarExtra,1,45
1781471265,AltarExtra,1,42
1781471386,AltarExtra,1,41
1781471506,AltarExtra,1,39
1781471626,AltarExtra,1,38
1781471747,AltarExtra,1,38
1781471867,AltarExtra,1,36
1781471988,AltarExtra,1,37
1781472108,AltarExtra,1,38
1781472228,AltarExtra,1,37
1781472349,AltarExtra,1,38
1781472469,AltarExtra,1,36
1781472590,AltarExtra,1,37
1781472710,AltarExtra,1,36
1781472830,AltarExtra,1,34
1781472951,AltarExtra,1,33
1781473071,AltarExtra,1,34
1781473191,AltarExtra,1,36
1781473312,AltarExtra,1,34
1781473340,AltarExtra,1,33
1781473432,AltarExtra,1,37
1781473553,AltarExtra,1,38
1781473673,AltarExtra,1,37
1781473793,AltarExtra,1,35
1781473914,AltarExtra,1,35
1781474034,AltarExtra,1,35
1781474155,AltarExtra,1,35
1781474275,AltarExtra,1,36
1781474395,AltarExtra,1,38
1781474516,AltarExtra,1,39
1781474636,AltarExtra,1,39
1781474757,AltarExtra,1,40
1781474877,AltarExtra,1,38
1781474997,AltarExtra,1,37
1781475118,AltarExtra,1,38
1781475238,AltarExtra,1,37
1781475358,AltarExtra,1,36
1781475479,AltarExtra,1,37
1781475599,AltarExtra,1,38
1781475720,AltarExtra,1,38
1781475840,AltarExtra,1,39
1781475960,AltarExtra,1,35
1781476081,AltarExtra,1,32
1781476201,AltarExtra,1,32
1781476322,AltarExtra,1,32
1781476442,AltarExtra,1,34
1781476563,AltarExtra,1,35
1781476683,AltarExtra,1,34
1781476803,AltarExtra,1,34
1781476924,AltarExtra,1,36
1781477044,AltarExtra,1,33
1781477164,AltarExtra,1,32
1781477285,AltarExtra,1,33
1781477405,AltarExtra,1,35
1781477525,AltarExtra,1,36
1781477646,AltarExtra,1,36
1781477686,AltarExtra,1,36
1781477766,AltarExtra,1,31
1781477887,AltarExtra,1,32
1781478007,AltarExtra,1,33
1781478128,AltarExtra,1,33
1781478248,AltarExtra,1,32
1781478368,AltarExtra,1,32
1781478489,AltarExtra,1,31
1781478609,AltarExtra,1,30
1781478729,AltarExtra,1,30
1781478850,AltarExtra,1,29
1781478970,AltarExtra,1,30
1781479091,AltarExtra,1,28
1781479211,AltarExtra,1,28
1781479331,AltarExtra,1,29
1781479452,AltarExtra,1,28
1781479572,AltarExtra,1,27
1781479692,AltarExtra,1,26
1781479813,AltarExtra,1,24
1781479933,AltarExtra,1,23
1781480053,AltarExtra,1,22
1781480174,AltarExtra,1,23
1781480294,AltarExtra,1,20
1781480414,AltarExtra,1,21
1781480535,AltarExtra,1,21
1781480655,AltarExtra,1,22
1781480776,AltarExtra,1,20
1781480896,AltarExtra,1,18
1781481016,AltarExtra,1,16
1781481137,AltarExtra,1,15
1781481257,AltarExtra,1,15
1781481378,AltarExtra,1,15
1781481498,AltarExtra,1,18
1781481618,AltarExtra,1,18
1781481739,AltarExtra,1,17
1781481859,AltarExtra,1,16
1781481980,AltarExtra,1,14
1781482100,AltarExtra,1,17
1781482220,AltarExtra,1,21
1781482340,AltarExtra,1,22
1781482461,AltarExtra,1,23
1781482581,AltarExtra,1,24
1781482635,AltarExtra,1,22
1781482702,AltarExtra,1,22
1781482822,AltarExtra,1,21
1781482942,AltarExtra,1,21
1781483063,AltarExtra,1,21
1781483183,AltarExtra,1,21
1781483304,AltarExtra,1,21
1781483424,AltarExtra,1,21
1781483544,AltarExtra,1,23
1781483665,AltarExtra,1,23
1781483785,AltarExtra,1,24
1781483906,AltarExtra,1,23
1781484026,AltarExtra,1,25
1781484146,AltarExtra,1,26
1781484267,AltarExtra,1,28
1781484387,AltarExtra,1,30
1781484508,AltarExtra,1,30
1781484628,AltarExtra,1,29
1781484748,AltarExtra,1,28
1781484869,AltarExtra,1,25
1781484989,AltarExtra,1,24
1781485109,AltarExtra,1,24
1781485230,AltarExtra,1,23
1781485350,AltarExtra,1,23
1781485470,AltarExtra,1,23
1781485591,AltarExtra,1,22
1781485711,AltarExtra,1,23
1781485759,AltarExtra,1,24
1781485831,AltarExtra,1,24
1781485952,AltarExtra,1,24
1781486060,AltarExtra,1,22
1781486072,AltarExtra,1,22
1781486173,AltarExtra,1,22
1781486193,AltarExtra,1,23
1781486291,AltarExtra,1,22
1781486531,AltarExtra,1,23
1781486655,AltarExtra,1,24
1781486772,AltarExtra,1,25
1781486896,AltarExtra,1,24
1781487020,AltarExtra,1,24
1781487135,AltarExtra,1,25
1781487255,AltarExtra,1,25
1781487372,AltarExtra,1,24
1781487498,AltarExtra,1,27
1781487617,AltarExtra,1,28
1781487731,AltarExtra,1,27
1781487858,AltarExtra,1,27
1781487978,AltarExtra,1,26
1781488100,AltarExtra,1,27
1781488225,AltarExtra,1,25
1781488334,AltarExtra,1,24
1781488453,AltarExtra,1,27
1781488572,AltarExtra,1,25
1781488698,AltarExtra,1,25
1781488821,AltarExtra,1,27
1781488933,AltarExtra,1,28
1781489052,AltarExtra,1,24
1781489178,AltarExtra,1,26
1781489292,AltarExtra,1,21
1781489420,AltarExtra,1,19
1781489532,AltarExtra,1,19
1781489654,AltarExtra,1,20
1781489777,AltarExtra,1,19
1781489896,AltarExtra,1,18
1781490024,AltarExtra,1,18
1781490133,AltarExtra,1,18
1781490260,AltarExtra,1,19
1781490378,AltarExtra,1,19
1781490493,AltarExtra,1,19
1781490625,AltarExtra,1,18
1781490734,AltarExtra,1,16
1781490860,AltarExtra,1,18
1781490978,AltarExtra,1,19
1781491097,AltarExtra,1,19
1781491218,AltarExtra,1,20
1781491338,AltarExtra,1,20
1781491460,AltarExtra,1,19
1781491576,AltarExtra,1,18
1781491697,AltarExtra,1,17
1781491818,AltarExtra,1,17
1781491931,AltarExtra,1,17
1781492053,AltarExtra,1,17
1781492175,AltarExtra,1,18
1781492300,AltarExtra,1,18
1781492422,AltarExtra,1,18
1781492535,AltarExtra,1,17
1781492654,AltarExtra,1,16
1781492775,AltarExtra,1,16
1781492892,AltarExtra,1,16
1781493022,AltarExtra,1,15
1781493139,AltarExtra,1,15
1781493254,AltarExtra,1,18
1781493373,AltarExtra,1,18
1781493500,AltarExtra,1,17
1781493622,AltarExtra,1,16
1781493736,AltarExtra,1,15
1781493854,AltarExtra,1,14
1781493974,AltarExtra,1,14
1781494095,AltarExtra,1,14
1781494226,AltarExtra,1,15
1781494334,AltarExtra,1,16
1781494459,AltarExtra,1,16
1781494578,AltarExtra,1,14
1781494693,AltarExtra,1,14
1781494819,AltarExtra,1,14
1781494938,AltarExtra,1,17
1781495060,AltarExtra,1,17
1781495173,AltarExtra,1,18
1781495294,AltarExtra,1,24
1781495417,AltarExtra,1,20
1781495534,AltarExtra,1,23
1781495652,AltarExtra,1,23
1781495773,AltarExtra,1,24
1781495897,AltarExtra,1,25
1781496023,AltarExtra,1,24
1781496135,AltarExtra,1,23
1781496264,AltarExtra,1,22
1781496378,AltarExtra,1,21
1781496499,AltarExtra,1,20
1781496620,AltarExtra,1,19
1781496733,AltarExtra,1,20
1781496858,AltarExtra,1,20
1781496980,AltarExtra,1,20
1781497094,AltarExtra,1,20
1781497218,AltarExtra,1,20
1781497335,AltarExtra,1,20
1781497458,AltarExtra,1,20
1781497579,AltarExtra,1,20
1781497694,AltarExtra,1,20
1781497824,AltarExtra,1,20
1781497936,AltarExtra,1,20
1781498052,AltarExtra,1,21
1781498180,AltarExtra,1,20
1781498299,AltarExtra,1,20
1781498417,AltarExtra,1,22
1781498534,AltarExtra,1,20
1781498661,AltarExtra,1,22
1781498775,AltarExtra,1,21
1781498898,AltarExtra,1,18
1781499020,AltarExtra,1,18
1781499138,AltarExtra,1,17
1781499256,AltarExtra,1,18
1781499379,AltarExtra,1,19
1781499492,AltarExtra,1,17
1781499625,AltarExtra,1,19
1781499732,AltarExtra,1,21
1781499853,AltarExtra,1,19
1781499973,AltarExtra,1,17
1781500093,AltarExtra,1,18
1781500225,AltarExtra,1,20
1781500332,AltarExtra,1,20
1781500458,AltarExtra,1,21
1781500579,AltarExtra,1,21
1781500698,AltarExtra,1,20
1781500827,AltarExtra,1,20
1781500935,AltarExtra,1,21
1781501053,AltarExtra,1,19
1781501172,AltarExtra,1,17
1781501293,AltarExtra,1,16
1781501421,AltarExtra,1,15
1781501515,AltarExtra,1,13
1781501534,AltarExtra,1,13
1781501652,AltarExtra,1,12
1781501775,AltarExtra,1,11
1781501893,AltarExtra,1,12
1781502019,AltarExtra,1,12
1781502139,AltarExtra,1,12
1781502251,AltarExtra,1,13
1781502378,AltarExtra,1,12
1781502493,AltarExtra,1,12
1781502624,AltarExtra,1,12
1781502738,AltarExtra,1,11
1781502855,AltarExtra,1,12
1781502982,AltarExtra,1,11
1781503093,AltarExtra,1,10
1781503225,AltarExtra,1,12
1781503332,AltarExtra,1,12
1781503453,AltarExtra,1,12
1781503576,AltarExtra,1,16
1781503693,AltarExtra,1,17
1781503818,AltarExtra,1,16
1781503939,AltarExtra,1,17
1781504055,AltarExtra,1,16
1781504178,AltarExtra,1,16
1781504294,AltarExtra,1,16
1781504426,AltarExtra,1,16
1781504532,AltarExtra,1,16
1781504653,AltarExtra,1,15
1781504773,AltarExtra,1,14
1781504898,AltarExtra,1,17
1781505022,AltarExtra,1,18
1781505134,AltarExtra,1,17
1781505255,AltarExtra,1,16
1781505374,AltarExtra,1,16
1781505498,AltarExtra,1,16
1781505618,AltarExtra,1,18
1781505742,AltarExtra,1,17
1781505853,AltarExtra,1,18
1781505981,AltarExtra,1,17
1781506096,AltarExtra,1,14
1781506218,AltarExtra,1,13
1781506333,AltarExtra,1,18
1781506463,AltarExtra,1,18
1781506574,AltarExtra,1,18
1781506693,AltarExtra,1,12
1781506823,AltarExtra,1,12
1781506933,AltarExtra,1,11
1781507055,AltarExtra,1,12
1781507182,AltarExtra,1,13
1781507302,AltarExtra,1,13
1781507421,AltarExtra,1,11
1781507539,AltarExtra,1,10
1781507662,AltarExtra,1,10
1781507787,AltarExtra,1,10
1781507900,AltarExtra,1,12
1781508023,AltarExtra,1,12
1781508139,AltarExtra,1,12
1781508259,AltarExtra,1,13
1781508373,AltarExtra,1,14
1781508492,AltarExtra,1,14
1781508626,AltarExtra,1,13
1781508739,AltarExtra,1,16
1781508862,AltarExtra,1,13
1781508980,AltarExtra,1,12
1781509093,AltarExtra,1,12
1781509218,AltarExtra,1,12
1781509333,AltarExtra,1,12
1781509460,AltarExtra,1,11
1781509575,AltarExtra,1,11
1781509692,AltarExtra,1,11
1781509820,AltarExtra,1,13
1781509935,AltarExtra,1,12
1781510063,AltarExtra,1,11
1781510179,AltarExtra,1,12
1781510297,AltarExtra,1,11
1781510425,AltarExtra,1,12
1781510534,AltarExtra,1,12
1781510654,AltarExtra,1,13
1781510779,AltarExtra,1,15
1781510898,AltarExtra,1,15
1781511018,AltarExtra,1,15
1781511132,AltarExtra,1,16
1781511253,AltarExtra,1,15
1781511379,AltarExtra,1,14
1781511499,AltarExtra,1,14
1781511617,AltarExtra,1,17
1781511735,AltarExtra,1,19
1781511859,AltarExtra,1,18
1781511981,AltarExtra,1,18
1781512096,AltarExtra,1,18
1781512225,AltarExtra,1,17
1781512341,AltarExtra,1,17
1781512460,AltarExtra,1,17
1781512574,AltarExtra,1,17
1781512700,AltarExtra,1,18
1781512820,AltarExtra,1,19
1781512936,AltarExtra,1,19
1781513180,AltarExtra,1,19
1781513298,AltarExtra,1,22
1781513424,AltarExtra,1,23
1781513541,AltarExtra,1,22
1781513657,AltarExtra,1,24
1781513773,AltarExtra,1,25
1781513900,AltarExtra,1,24
1781514022,AltarExtra,1,24
1781514135,AltarExtra,1,24
1781514268,AltarExtra,1,25
1781514379,AltarExtra,1,25
1781514493,AltarExtra,1,28
1781514620,AltarExtra,1,27
1781514734,AltarExtra,1,26
1781514855,AltarExtra,1,24
1781514980,AltarExtra,1,26
1781515093,AltarExtra,1,25
1781515220,AltarExtra,1,26
1781515345,AltarExtra,1,27
1781515454,AltarExtra,1,27
1781515580,AltarExtra,1,27
1781515693,AltarExtra,1,25
1781515823,AltarExtra,1,26
1781515935,AltarExtra,1,25
1781516061,AltarExtra,1,26
1781516179,AltarExtra,1,23
1781516297,AltarExtra,1,23
1781516418,AltarExtra,1,23
1781516539,AltarExtra,1,21
1781516656,AltarExtra,1,20
1781516782,AltarExtra,1,21
1781516896,AltarExtra,1,16
1781517022,AltarExtra,1,16
1781517139,AltarExtra,1,16
1781517256,AltarExtra,1,16
1781517375,AltarExtra,1,17
1781517495,AltarExtra,1,17
1781517627,AltarExtra,1,17
1781517740,AltarExtra,1,21
1781517855,AltarExtra,1,20
1781517977,AltarExtra,1,22
1781518102,AltarExtra,1,23
1781518227,AltarExtra,1,23
1781518342,AltarExtra,1,24
1781518455,AltarExtra,1,24
1781518574,AltarExtra,1,24
1781518701,AltarExtra,1,24
1781518826,AltarExtra,1,24
1781518935,AltarExtra,1,23
1781519054,AltarExtra,1,22
1781519175,AltarExtra,1,23
1781519296,AltarExtra,1,23
1781519422,AltarExtra,1,22
1781519533,AltarExtra,1,23
1781519659,AltarExtra,1,24
1781519782,AltarExtra,1,22
1781519893,AltarExtra,1,21
1781520020,AltarExtra,1,22
1781520133,AltarExtra,1,22
1781520260,AltarExtra,1,22
1781520377,AltarExtra,1,23
1781520503,AltarExtra,1,23
1781520621,AltarExtra,1,24
1781520739,AltarExtra,1,19
1781520860,AltarExtra,1,22
1781520976,AltarExtra,1,23
1781521099,AltarExtra,1,20
1781521228,AltarExtra,1,22
1781521335,AltarExtra,1,25
1781521462,AltarExtra,1,23
1781521572,AltarExtra,1,22
1781521694,AltarExtra,1,23
1781521826,AltarExtra,1,21
1781521942,AltarExtra,1,20
1781522054,AltarExtra,1,19
1781522183,AltarExtra,1,19
1781522297,AltarExtra,1,20
1781522424,AltarExtra,1,19
1781522532,AltarExtra,1,19
1781522654,AltarExtra,1,18
1781522773,AltarExtra,1,18
1781522893,AltarExtra,1,18
1781523023,AltarExtra,1,20
1781523140,AltarExtra,1,19
1781523263,AltarExtra,1,20
1781523273,AltarExtra,1,20
1781523381,AltarExtra,1,20
1781523496,AltarExtra,1,20
1781523620,AltarExtra,1,20
1781523734,AltarExtra,1,19
1781523860,AltarExtra,1,19
1781523978,AltarExtra,1,18
1781524100,AltarExtra,1,19
1781524220,AltarExtra,1,18
1781524342,AltarExtra,1,18
1781524457,AltarExtra,1,19
1781524575,AltarExtra,1,18
1781524699,AltarExtra,1,18
1781524832,AltarExtra,1,16
1781524934,AltarExtra,1,16
1781525061,AltarExtra,1,15
1781525173,AltarExtra,1,15
1781525295,AltarExtra,1,12
1781525427,AltarExtra,1,14
1781525543,AltarExtra,1,14
1781525656,AltarExtra,1,15
1781525776,AltarExtra,1,19
1781525894,AltarExtra,1,19
1781526020,AltarExtra,1,18
1781526134,AltarExtra,1,17
1781526255,AltarExtra,1,17
1781526376,AltarExtra,1,18
1781526494,AltarExtra,1,18
1781526622,AltarExtra,1,18
1781526734,AltarExtra,1,18
1781526861,AltarExtra,1,20
1781526975,AltarExtra,1,20
1781527103,AltarExtra,1,19
1781527225,AltarExtra,1,22
1781527336,AltarExtra,1,23
1781527453,AltarExtra,1,22
1781527575,AltarExtra,1,23
1781527694,AltarExtra,1,23
1781527823,AltarExtra,1,22
1781527935,AltarExtra,1,18
1781528058,AltarExtra,1,20
1781528179,AltarExtra,1,20
1781528293,AltarExtra,1,23
1781528422,AltarExtra,1,21
1781528536,AltarExtra,1,21
1781528660,AltarExtra,1,22
1781528784,AltarExtra,1,23
1781528900,AltarExtra,1,21
1781529025,AltarExtra,1,21
1781529150,AltarExtra,1,20
1781529260,AltarExtra,1,21
1781529385,AltarExtra,1,18
1781529503,AltarExtra,1,19
1781529624,AltarExtra,1,18
1781529736,AltarExtra,1,18
1781529857,AltarExtra,1,16
1781529984,AltarExtra,1,17
1781530098,AltarExtra,1,17
1781530222,AltarExtra,1,17
1781530340,AltarExtra,1,15
1781530461,AltarExtra,1,16
1781530578,AltarExtra,1,16
1781530702,AltarExtra,1,16
1781530827,AltarExtra,1,17
1781530944,AltarExtra,1,18
1781531061,AltarExtra,1,17
1781531217,AltarExtra,1,16
1781531297,AltarExtra,1,14
1781531422,AltarExtra,1,14
1781531534,AltarExtra,1,16
1781531658,AltarExtra,1,15
1781531776,AltarExtra,1,14
1781531916,AltarExtra,1,14
1781532028,AltarExtra,1,17
1781532140,AltarExtra,1,18
1781532256,AltarExtra,1,18
1781532377,AltarExtra,1,21
1781532503,AltarExtra,1,21
1781532628,AltarExtra,1,19
1781532736,AltarExtra,1,20
1781532860,AltarExtra,1,17
1781532978,AltarExtra,1,18
1781533098,AltarExtra,1,16
1781533220,AltarExtra,1,16
1781533339,AltarExtra,1,15
1781533456,AltarExtra,1,16
1781533577,AltarExtra,1,16
1781533697,AltarExtra,1,15
1781533828,AltarExtra,1,15
1781533943,AltarExtra,1,14
1781534060,AltarExtra,1,14
1781534186,AltarExtra,1,14
1781534296,AltarExtra,1,14
1781534423,AltarExtra,1,16
1781534537,AltarExtra,1,17
1781534660,AltarExtra,1,18
1781534775,AltarExtra,1,17
1781534902,AltarExtra,1,16
1781535026,AltarExtra,1,18
1781535142,AltarExtra,1,20
1781535254,AltarExtra,1,19
1781535387,AltarExtra,1,19
1781535501,AltarExtra,1,19
1781535627,AltarExtra,1,17
1781535734,AltarExtra,1,14
1781535856,AltarExtra,1,13
1781535984,AltarExtra,1,13
1781536098,AltarExtra,1,15
1781536231,AltarExtra,1,13
1781536339,AltarExtra,1,13
1781536458,AltarExtra,1,14
1781536579,AltarExtra,1,17
1781536698,AltarExtra,1,14
1781536826,AltarExtra,1,17
1781536937,AltarExtra,1,17
1781537062,AltarExtra,1,18
1781537178,AltarExtra,1,18
1781537298,AltarExtra,1,18
1781537431,AltarExtra,1,20
1781537536,AltarExtra,1,20
1781537661,AltarExtra,1,18
1781537784,AltarExtra,1,18
1781537895,AltarExtra,1,18
1781538023,AltarExtra,1,19
1781538145,AltarExtra,1,18
1781538263,AltarExtra,1,18
1781538385,AltarExtra,1,17
1781538503,AltarExtra,1,17
1781538631,AltarExtra,1,18
1781538734,AltarExtra,1,18
1781538865,AltarExtra,1,19
1781538982,AltarExtra,1,19
1781539103,AltarExtra,1,20
1781539234,AltarExtra,1,20
1781539337,AltarExtra,1,19
1781539458,AltarExtra,1,19
1781539577,AltarExtra,1,18
1781539701,AltarExtra,1,21
1781539828,AltarExtra,1,20
1781539952,AltarExtra,1,19
1781540059,AltarExtra,1,18
1781540185,AltarExtra,1,22
1781540311,AltarExtra,1,22
1781540421,AltarExtra,1,21
1781540554,AltarExtra,1,23
1781540658,AltarExtra,1,22
1781540778,AltarExtra,1,27
1781540897,AltarExtra,1,26
1781541024,AltarExtra,1,23
1781541108,AltarExtra,1,20
1781541136,AltarExtra,1,20
1781541258,AltarExtra,1,19
1781541376,AltarExtra,1,23
1781541495,AltarExtra,1,23
1781541625,AltarExtra,1,22
1781541734,AltarExtra,1,22
1781541860,AltarExtra,1,24
1781541981,AltarExtra,1,26
1781542102,AltarExtra,1,27
1781542217,AltarExtra,1,27
1781542351,AltarExtra,1,26
1781542453,AltarExtra,1,28
1781542574,AltarExtra,1,28
1781542693,AltarExtra,1,28
1781542831,AltarExtra,1,29
1781542942,AltarExtra,1,28
1781543059,AltarExtra,1,28
1781543178,AltarExtra,1,27
1781543302,AltarExtra,1,24
1781543425,AltarExtra,1,24
1781543558,AltarExtra,1,25
1781543657,AltarExtra,1,22
1781543784,AltarExtra,1,22
1781543908,AltarExtra,1,20
1781544020,AltarExtra,1,20
1781544142,AltarExtra,1,20
1781544253,AltarExtra,1,19
1781544374,AltarExtra,1,19
1781544498,AltarExtra,1,19
1781544629,AltarExtra,1,19
1781544748,AltarExtra,1,18
1781544855,AltarExtra,1,16
1781544984,AltarExtra,1,16
1781545102,AltarExtra,1,18
1781545221,AltarExtra,1,19
1781545338,AltarExtra,1,20
1781545470,AltarExtra,1,18
1781545586,AltarExtra,1,20
1781545698,AltarExtra,1,20
1781545824,AltarExtra,1,22
1781545947,AltarExtra,1,22
1781546072,AltarExtra,1,23
1781546179,AltarExtra,1,22
1781546299,AltarExtra,1,25
1781546434,AltarExtra,1,22
1781546556,AltarExtra,1,20
1781546675,AltarExtra,1,21
1781546779,AltarExtra,1,21
1781546902,AltarExtra,1,21
1781547020,AltarExtra,1,24
1781547141,AltarExtra,1,23
1781547264,AltarExtra,1,24
1781547388,AltarExtra,1,25
1781547500,AltarExtra,1,26
1781547628,AltarExtra,1,25
1781547742,AltarExtra,1,26
1781547863,AltarExtra,1,27
1781547979,AltarExtra,1,28
1781548097,AltarExtra,1,29
1781548222,AltarExtra,1,23
1781548342,AltarExtra,1,23
1781548454,AltarExtra,1,27
1781548575,AltarExtra,1,24
1781548696,AltarExtra,1,23
1781548821,AltarExtra,1,22
1781548935,AltarExtra,1,22
1781549060,AltarExtra,1,20
1781549182,AltarExtra,1,20
1781549294,AltarExtra,1,21
1781549426,AltarExtra,1,21
1781549539,AltarExtra,1,21
1781549655,AltarExtra,1,21
1781549779,AltarExtra,1,19
1781549901,AltarExtra,1,19
1781550035,AltarExtra,1,19
1781550137,AltarExtra,1,16
1781550262,AltarExtra,1,17
1781550381,AltarExtra,1,17
1781550500,AltarExtra,1,17
1781550519,AltarExtra,1,17
1781550621,AltarExtra,1,16
1781550745,AltarExtra,1,18
1781550867,AltarExtra,1,17
1781550978,AltarExtra,1,18
1781551105,AltarExtra,1,19
1781551184,AltarExtra,1,19
1781551227,AltarExtra,1,20
1781551341,AltarExtra,1,20
1781551408,AltarExtra,1,20
1781551408,TechMines,1,224
1781551408,Altarly,1,23
1781551408,CreakGens,1,48
1781551408,DovyGens,1,36
1781551462,AltarExtra,1,21
1781551462,TechMines,1,224
1781551462,Altarly,1,24
1781551462,CreakGens,1,47
1781551462,DovyGens,1,36
1781551574,AltarExtra,1,21
1781551574,TechMines,1,226
1781551574,Altarly,1,23
1781551574,CreakGens,1,47
1781551574,DovyGens,1,36
1781551694,AltarExtra,1,22
1781551694,TechMines,1,225
1781551694,Altarly,1,23
1781551694,CreakGens,1,49
1781551694,DovyGens,1,35
1781551832,AltarExtra,1,24
1781551832,TechMines,1,220
1781551832,Altarly,1,25
1781551832,CreakGens,1,54
1781551832,DovyGens,1,38
1781551933,AltarExtra,1,24
1781551933,TechMines,1,218
1781551933,Altarly,1,27
1781551933,CreakGens,1,51
1781551933,DovyGens,1,37
1781552058,AltarExtra,1,26
1781552058,TechMines,1,219
1781552058,Altarly,1,27
1781552058,CreakGens,1,48
1781552058,DovyGens,1,35
1781552179,AltarExtra,1,25
1781552179,TechMines,1,219
1781552179,Altarly,1,26
1781552179,CreakGens,1,51
1781552179,DovyGens,1,34
1781552304,AltarExtra,1,26
1781552304,TechMines,1,219
1781552304,Altarly,1,28
1781552304,CreakGens,1,47
1781552304,DovyGens,1,32
1781552418,AltarExtra,1,23
1781552418,TechMines,1,216
1781552418,Altarly,1,28
1781552418,CreakGens,1,45
1781552418,DovyGens,1,32
1781552537,AltarExtra,1,23
1781552537,TechMines,1,211
1781552537,Altarly,1,27
1781552537,CreakGens,1,48
1781552537,DovyGens,1,28
1781552661,AltarExtra,1,24
1781552661,TechMines,1,210
1781552661,Altarly,1,30
1781552661,CreakGens,1,51
1781552661,DovyGens,1,28
1781552776,AltarExtra,1,23
1781552776,TechMines,1,206
1781552776,Altarly,1,31
1781552776,CreakGens,1,51
1781552776,DovyGens,1,29
1781552900,AltarExtra,1,24
1781552900,TechMines,1,205
1781552900,Altarly,1,30
1781552900,CreakGens,1,47
1781552900,DovyGens,1,30
1781553026,AltarExtra,1,23
1781553026,TechMines,1,209
1781553026,Altarly,1,32
1781553026,CreakGens,1,48
1781553026,DovyGens,1,30
1781553135,AltarExtra,1,25
1781553135,TechMines,1,210
1781553135,Altarly,1,31
1781553135,CreakGens,1,47
1781553135,DovyGens,1,32
1781553260,AltarExtra,1,26
1781553260,TechMines,1,211
1781553260,Altarly,1,31
1781553260,CreakGens,1,47
1781553260,DovyGens,1,33
1781553373,AltarExtra,1,29
1781553373,TechMines,1,206
1781553373,Altarly,1,32
1781553373,CreakGens,1,47
1781553373,DovyGens,1,32
1781553501,AltarExtra,1,32
1781553501,TechMines,1,205
1781553501,Altarly,1,31
1781553501,CreakGens,1,46
1781553501,DovyGens,1,33
1781553632,AltarExtra,1,35
1781553632,TechMines,1,205
1781553632,Altarly,1,29
1781553632,CreakGens,1,47
1781553632,DovyGens,1,33
1781553748,AltarExtra,1,35
1781553748,TechMines,1,202
1781553748,Altarly,1,31
1781553748,CreakGens,1,45
1781553748,DovyGens,1,33
1781553857,AltarExtra,1,34
1781553857,TechMines,1,203
1781553857,Altarly,1,31
1781553857,CreakGens,1,49
1781553857,DovyGens,1,33
1781553971,AltarExtra,1,32
1781553971,TechMines,1,204
1781553971,Altarly,1,34
1781553971,CreakGens,1,48
1781553971,DovyGens,1,31
1781553984,AltarExtra,1,32
1781553984,TechMines,1,204
1781553984,Altarly,1,34
1781553984,CreakGens,1,49
1781553984,DovyGens,1,31
1781554094,AltarExtra,1,32
1781554094,TechMines,1,204
1781554094,Altarly,1,32
1781554094,CreakGens,1,52
1781554094,DovyGens,1,31
1781554217,AltarExtra,1,28
1781554217,TechMines,1,203
1781554217,Altarly,1,35
1781554217,CreakGens,1,48
1781554217,DovyGens,1,31
1781554346,AltarExtra,1,28
1781554346,TechMines,1,209
1781554346,Altarly,1,38
1781554346,CreakGens,1,50
1781554346,DovyGens,1,31
1781554464,AltarExtra,1,25
1781554464,TechMines,1,213
1781554464,Altarly,1,36
1781554464,CreakGens,1,48
1781554464,DovyGens,1,31
1781554579,AltarExtra,1,25
1781554579,TechMines,1,213
1781554579,Altarly,1,42
1781554579,CreakGens,1,49
1781554579,DovyGens,1,33
1781554700,AltarExtra,1,24
1781554700,TechMines,1,212
1781554700,Altarly,1,41
1781554700,CreakGens,1,50
1781554700,DovyGens,1,33
1781554823,AltarExtra,1,25
1781554823,TechMines,1,213
1781554823,Altarly,1,38
1781554823,CreakGens,1,49
1781554823,DovyGens,1,34
1781554936,AltarExtra,1,24
1781554936,TechMines,1,211
1781554936,Altarly,1,39
1781554936,CreakGens,1,52
1781554936,DovyGens,1,37
1781555059,AltarExtra,1,25
1781555059,TechMines,1,211
1781555059,Altarly,1,38
1781555059,CreakGens,1,53
1781555059,DovyGens,1,39
1781555179,AltarExtra,1,25
1781555179,TechMines,1,209
1781555179,Altarly,1,41
1781555179,CreakGens,1,53
1781555179,DovyGens,1,37
1781555299,AltarExtra,1,24
1781555299,TechMines,1,209
1781555299,Altarly,1,40
1781555299,CreakGens,1,50
1781555299,DovyGens,1,37
1781555423,AltarExtra,1,25
1781555423,TechMines,1,208
1781555423,Altarly,1,38
1781555423,CreakGens,1,46
1781555423,DovyGens,1,37
1781555533,AltarExtra,1,24
1781555533,TechMines,1,206
1781555533,Altarly,1,36
1781555533,CreakGens,1,45
1781555533,DovyGens,1,35
1781555665,AltarExtra,1,24
1781555665,TechMines,1,204
1781555665,Altarly,1,34
1781555665,CreakGens,1,45
1781555665,DovyGens,1,35
1781555778,AltarExtra,1,24
1781555778,TechMines,1,202
1781555778,Altarly,1,32
1781555778,CreakGens,1,46
1781555778,DovyGens,1,35
1781555901,AltarExtra,1,25
1781555901,TechMines,1,203
1781555901,Altarly,1,31
1781555901,CreakGens,1,45
1781555901,DovyGens,1,34
1781556031,AltarExtra,1,25
1781556031,TechMines,1,201
1781556031,Altarly,1,33
1781556031,CreakGens,1,46
1781556031,DovyGens,1,33
1781556137,AltarExtra,1,24
1781556137,TechMines,1,199
1781556137,Altarly,1,31
1781556137,CreakGens,1,46
1781556137,DovyGens,1,34
1781556264,AltarExtra,1,27
1781556264,TechMines,1,199
1781556264,Altarly,1,29
1781556264,CreakGens,1,49
1781556264,DovyGens,1,36
1781556384,AltarExtra,1,25
1781556384,TechMines,1,202
1781556384,Altarly,1,24
1781556384,CreakGens,1,49
1781556384,DovyGens,1,35
1781556499,AltarExtra,1,28
1781556499,TechMines,1,202
1781556499,Altarly,1,26
1781556499,CreakGens,1,52
1781556499,DovyGens,1,35
1781556620,AltarExtra,1,33
1781556620,TechMines,1,203
1781556620,Altarly,1,27
1781556743,AltarExtra,1,33
1781556743,TechMines,1,202
1781556743,Altarly,1,26
1781556743,CreakGens,1,58
1781556743,DovyGens,1,33
1781556853,AltarExtra,1,33
1781556853,TechMines,1,196
1781556853,Altarly,1,28
1781556853,CreakGens,1,57
1781556853,DovyGens,1,34
1781556980,AltarExtra,1,32
1781556980,TechMines,1,203
1781556980,Altarly,1,28
1781556980,CreakGens,1,58
1781556980,DovyGens,1,34
1781557105,AltarExtra,1,30
1781557105,TechMines,1,206
1781557105,Altarly,1,26
1781557105,CreakGens,1,57
1781557105,DovyGens,1,33
1781557224,AltarExtra,1,31
1781557224,TechMines,1,202
1781557224,Altarly,1,26
1781557224,CreakGens,1,57
1781557224,DovyGens,1,30
1781557334,AltarExtra,1,31
1781557334,TechMines,1,201
1781557334,Altarly,1,29
1781557334,CreakGens,1,59
1781557334,DovyGens,1,31
1781557461,AltarExtra,1,34
1781557461,TechMines,1,202
1781557461,Altarly,1,27
1781557461,CreakGens,1,61
1781557461,DovyGens,1,32
1781557584,AltarExtra,1,32
1781557584,TechMines,1,201
1781557584,Altarly,1,29
1781557584,CreakGens,1,58
1781557584,DovyGens,1,31
1781557701,AltarExtra,1,34
1781557701,TechMines,1,200
1781557701,Altarly,1,31
1781557701,CreakGens,1,60
1781557701,DovyGens,1,32
1781557827,AltarExtra,1,35
1781557827,TechMines,1,201
1781557827,Altarly,1,32
1781557827,CreakGens,1,57
1781557827,DovyGens,1,29
1781557939,AltarExtra,1,34
1781557939,TechMines,1,196
1781557939,Altarly,1,30
1781557939,CreakGens,1,56
1781557939,DovyGens,1,27
1781558062,AltarExtra,1,36
1781558062,TechMines,1,198
1781558062,Altarly,1,30
1781558062,CreakGens,1,51
1781558062,DovyGens,1,26
1781558175,AltarExtra,1,34
1781558175,TechMines,1,199
1781558175,Altarly,1,33
1781558175,CreakGens,1,51
1781558175,DovyGens,1,27
1781558299,AltarExtra,1,36
1781558299,TechMines,1,201
1781558299,Altarly,1,33
1781558299,CreakGens,1,53
1781558299,DovyGens,1,28
1781558419,AltarExtra,1,37
1781558419,TechMines,1,203
1781558419,Altarly,1,33
1781558419,CreakGens,1,52
1781558419,DovyGens,1,29
1781558544,AltarExtra,1,35
1781558544,TechMines,1,203
1781558544,Altarly,1,28
1781558544,CreakGens,1,51
1781558544,DovyGens,1,27
1781558654,AltarExtra,1,34
1781558654,TechMines,1,202
1781558654,Altarly,1,28
1781558654,CreakGens,1,48
1781558654,DovyGens,1,26
1781558772,AltarExtra,1,37
1781558772,TechMines,1,205
1781558772,Altarly,1,29
1781558772,CreakGens,1,46
1781558772,DovyGens,1,25
1781558899,AltarExtra,1,36
1781558899,TechMines,1,203
1781558899,Altarly,1,30
1781558899,CreakGens,1,45
1781558899,DovyGens,1,27
1781559026,AltarExtra,1,37
1781559026,TechMines,1,201
1781559026,Altarly,1,29
1781559026,CreakGens,1,45
1781559026,DovyGens,1,28
1781559140,AltarExtra,1,38
1781559140,TechMines,1,198
1781559140,Altarly,1,28
1781559140,CreakGens,1,44
1781559140,DovyGens,1,28
1781559259,AltarExtra,1,39
1781559259,TechMines,1,198
1781559259,Altarly,1,25
1781559259,CreakGens,1,43
1781559259,DovyGens,1,30
1781559378,AltarExtra,1,41
1781559378,TechMines,1,199
1781559378,Altarly,1,25
1781559378,CreakGens,1,44
1781559378,DovyGens,1,30
1781559495,AltarExtra,1,44
1781559495,TechMines,1,201
1781559495,Altarly,1,25
1781559495,CreakGens,1,44
1781559495,DovyGens,1,29
1781559618,AltarExtra,1,45
1781559618,TechMines,1,199
1781559618,Altarly,1,27
1781559618,CreakGens,1,40
1781559618,DovyGens,1,28
1781559738,AltarExtra,1,45
1781559738,TechMines,1,201
1781559738,Altarly,1,30
1781559738,CreakGens,1,40
1781559738,DovyGens,1,26
1781559856,AltarExtra,1,45
1781559856,TechMines,1,199
1781559856,Altarly,1,26
1781559856,CreakGens,1,41
1781559856,DovyGens,1,26
1781559980,AltarExtra,1,48
1781559980,TechMines,1,198
1781559980,Altarly,1,26
1781559980,CreakGens,1,41
1781559980,DovyGens,1,27
1781560093,AltarExtra,1,48
1781560093,TechMines,1,198
1781560093,Altarly,1,24
1781560093,CreakGens,1,42
1781560093,DovyGens,1,26
1781560222,AltarExtra,1,47
1781560222,TechMines,1,192
1781560222,Altarly,1,27
1781560222,CreakGens,1,42
1781560222,DovyGens,1,23
1781560334,AltarExtra,1,48
1781560334,TechMines,1,190
1781560334,Altarly,1,29
1781560334,CreakGens,1,44
1781560334,DovyGens,1,22
1781560461,AltarExtra,1,47
1781560461,TechMines,1,193
1781560461,Altarly,1,30
1781560461,CreakGens,1,44
1781560461,DovyGens,1,26
1781560578,AltarExtra,1,47
1781560578,TechMines,1,190
1781560578,Altarly,1,31
1781560578,CreakGens,1,38
1781560578,DovyGens,1,26
1781560789,AltarExtra,1,52
1781560789,TechMines,1,191
1781560789,Altarly,1,39
1781560789,CreakGens,1,38
1781560789,DovyGens,1,26
1781560826,AltarExtra,1,54
1781560826,TechMines,1,189
1781560826,Altarly,1,38
1781560826,CreakGens,1,38
1781560826,DovyGens,1,28
1781560933,AltarExtra,1,53
1781560933,TechMines,1,191
1781560933,Altarly,1,29
1781560933,CreakGens,1,37
1781560933,DovyGens,1,29
1781561055,AltarExtra,1,57
1781561055,TechMines,1,191
1781561055,Altarly,1,29
1781561055,CreakGens,1,40
1781561055,DovyGens,1,28
1781561175,AltarExtra,1,56
1781561175,TechMines,1,191
1781561175,Altarly,1,30
1781561175,CreakGens,1,41
1781561175,DovyGens,1,29
1781561359,AltarExtra,1,62
1781561359,TechMines,1,192
1781561359,Altarly,1,27
1781561359,CreakGens,1,41
1781561359,DovyGens,1,26
1781561419,AltarExtra,1,62
1781561419,TechMines,1,191
1781561419,Altarly,1,26
1781561419,CreakGens,1,39
1781561419,DovyGens,1,26
1781561540,AltarExtra,1,64
1781561540,TechMines,1,193
1781561540,Altarly,1,25
1781561540,CreakGens,1,40
1781561540,DovyGens,1,25
1781561661,AltarExtra,1,71
1781561661,TechMines,1,196
1781561661,Altarly,1,24
1781561661,CreakGens,1,41
1781561661,DovyGens,1,26
1781561782,AltarExtra,1,78
1781561782,TechMines,1,199
1781561782,Altarly,1,25
1781561782,CreakGens,1,41
1781561782,DovyGens,1,25
1781561893,AltarExtra,1,84
1781561893,TechMines,1,202
1781561893,Altarly,1,25
1781561893,CreakGens,1,44
1781561893,DovyGens,1,25
1781562022,AltarExtra,1,87
1781562022,TechMines,1,206
1781562022,Altarly,1,27
1781562022,CreakGens,1,41
1781562022,DovyGens,1,24
1781562140,AltarExtra,1,89
1781562140,TechMines,1,207
1781562140,Altarly,1,26
1781562140,CreakGens,1,45
1781562140,DovyGens,1,24
1781562260,AltarExtra,1,94
1781562260,TechMines,1,205
1781562260,Altarly,1,27
1781562260,CreakGens,1,45
1781562260,DovyGens,1,27
1781562380,AltarExtra,1,92
1781562380,TechMines,1,207
1781562380,Altarly,1,25
1781562380,CreakGens,1,42
1781562380,DovyGens,1,29
1781562497,AltarExtra,1,92
1781562497,TechMines,1,208
1781562497,Altarly,1,24
1781562497,CreakGens,1,40
1781562497,DovyGens,1,28
1781562519,AltarExtra,1,92
1781562519,TechMines,1,210
1781562519,Altarly,1,23
1781562519,CreakGens,1,40
1781562519,DovyGens,1,29
1781562626,AltarExtra,1,92
1781562626,TechMines,1,210
1781562626,Altarly,1,25
1781562626,CreakGens,1,39
1781562626,DovyGens,1,28
1781562737,AltarExtra,1,83
1781562737,TechMines,1,211
1781562737,Altarly,1,32
1781562737,CreakGens,1,39
1781562737,DovyGens,1,29
1781562853,AltarExtra,1,82
1781562853,TechMines,1,209
1781562853,Altarly,1,32
1781562853,CreakGens,1,40
1781562853,DovyGens,1,29
1781562971,AltarExtra,1,79
1781562971,TechMines,1,204
1781562971,Altarly,1,30
1781562971,CreakGens,1,40
1781562971,DovyGens,1,27
1781563099,AltarExtra,1,82
1781563099,TechMines,1,200
1781563099,Altarly,1,28
1781563099,CreakGens,1,41
1781563099,DovyGens,1,26
1781563224,AltarExtra,1,80
1781563224,TechMines,1,202
1781563224,Altarly,1,27
1781563224,CreakGens,1,43
1781563224,DovyGens,1,26
1781563334,AltarExtra,1,77
1781563334,TechMines,1,204
1781563334,Altarly,1,27
1781563334,CreakGens,1,43
1781563334,DovyGens,1,27
1781563452,AltarExtra,1,75
1781563452,TechMines,1,201
1781563452,Altarly,1,29
1781563452,CreakGens,1,44
1781563452,DovyGens,1,26
1781563580,AltarExtra,1,71
1781563580,TechMines,1,206
1781563580,Altarly,1,29
1781563580,CreakGens,1,48
1781563580,DovyGens,1,26
1781563695,AltarExtra,1,68
1781563695,TechMines,1,203
1781563695,Altarly,1,28
1781563695,CreakGens,1,47
1781563695,DovyGens,1,30
1781563817,AltarExtra,1,66
1781563817,TechMines,1,202
1781563817,Altarly,1,30
1781563817,CreakGens,1,50
1781563817,DovyGens,1,33
1781563937,AltarExtra,1,65
1781563937,TechMines,1,199
1781563937,Altarly,1,32
1781563937,CreakGens,1,49
1781563937,DovyGens,1,32
1781564053,AltarExtra,1,66
1781564053,TechMines,1,201
1781564053,Altarly,1,33
1781564053,CreakGens,1,49
1781564053,DovyGens,1,32
1781564174,AltarExtra,1,66
1781564174,TechMines,1,196
1781564174,Altarly,1,33
1781564174,CreakGens,1,50
1781564174,DovyGens,1,31
1781564300,AltarExtra,1,59
1781564300,TechMines,1,194
1781564300,Altarly,1,33
1781564300,CreakGens,1,50
1781564300,DovyGens,1,34
1781564433,AltarExtra,1,60
1781564433,TechMines,1,198
1781564433,Altarly,1,35
1781564433,CreakGens,1,46
1781564433,DovyGens,1,33
1781564541,AltarExtra,1,60
1781564541,TechMines,1,192
1781564541,Altarly,1,36
1781564541,CreakGens,1,47
1781564541,DovyGens,1,32
1781564653,AltarExtra,1,54
1781564653,TechMines,1,191
1781564653,Altarly,1,35
1781564653,CreakGens,1,48
1781564653,DovyGens,1,34
1781564779,AltarExtra,1,54
1781564779,TechMines,1,193
1781564779,Altarly,1,33
1781564779,CreakGens,1,49
1781564779,DovyGens,1,33
1781564894,AltarExtra,1,53
1781564894,TechMines,1,194
1781564894,Altarly,1,34
1781564894,CreakGens,1,43
1781564894,DovyGens,1,37
1781565020,AltarExtra,1,53
1781565020,TechMines,1,195
1781565020,Altarly,1,32
1781565020,CreakGens,1,40
1781565020,DovyGens,1,37
1781565132,AltarExtra,1,54
1781565132,TechMines,1,197
1781565132,Altarly,1,32
1781565132,CreakGens,1,42
1781565132,DovyGens,1,35
1781565258,AltarExtra,1,55
1781565258,TechMines,1,197
1781565258,Altarly,1,27
1781565258,CreakGens,1,42
1781565258,DovyGens,1,35
1781565378,AltarExtra,1,54
1781565378,TechMines,1,198
1781565378,Altarly,1,30
1781565378,CreakGens,1,41
1781565378,DovyGens,1,34
1781565498,AltarExtra,1,55
1781565498,TechMines,1,197
1781565498,Altarly,1,32
1781565498,CreakGens,1,41
1781565498,DovyGens,1,36
1781565615,AltarExtra,1,52
1781565615,TechMines,1,193
1781565615,Altarly,1,32
1781565615,CreakGens,1,42
1781565615,DovyGens,1,33
1781565732,AltarExtra,1,49
1781565732,TechMines,1,190
1781565732,Altarly,1,33
1781565732,CreakGens,1,39
1781565732,DovyGens,1,33
1781565857,AltarExtra,1,48
1781565857,TechMines,1,190
1781565857,Altarly,1,33
1781565857,CreakGens,1,40
1781565857,DovyGens,1,31
1781565973,AltarExtra,1,49
1781565973,TechMines,1,191
1781565973,Altarly,1,32
1781565973,CreakGens,1,42
1781565973,DovyGens,1,32
1781566097,AltarExtra,1,50
1781566097,TechMines,1,189
1781566097,Altarly,1,32
1781566097,CreakGens,1,42
1781566097,DovyGens,1,30
1781566224,AltarExtra,1,49
1781566224,TechMines,1,191
1781566224,Altarly,1,32
1781566224,CreakGens,1,39
1781566224,DovyGens,1,29
1781566333,AltarExtra,1,46
1781566333,TechMines,1,189
1781566333,Altarly,1,32
1781566333,CreakGens,1,40
1781566333,DovyGens,1,28
1781566451,AltarExtra,1,45
1781566451,TechMines,1,189
1781566451,Altarly,1,31
1781566451,CreakGens,1,43
1781566451,DovyGens,1,30
1781566579,AltarExtra,1,43
1781566579,TechMines,1,190
1781566579,Altarly,1,29
1781566579,CreakGens,1,39
1781566579,DovyGens,1,30
1781566700,AltarExtra,1,41
1781566700,TechMines,1,191
1781566700,Altarly,1,29
1781566700,CreakGens,1,34
1781566700,DovyGens,1,32
1781566817,AltarExtra,1,42
1781566817,TechMines,1,190
1781566817,Altarly,1,29
1781566817,CreakGens,1,33
1781566817,DovyGens,1,31
1781566934,AltarExtra,1,41
1781566934,TechMines,1,191
1781566934,Altarly,1,30
1781566934,CreakGens,1,32
1781566934,DovyGens,1,32
1781567057,AltarExtra,1,41
1781567057,TechMines,1,191
1781567057,Altarly,1,30
1781567057,CreakGens,1,33
1781567057,DovyGens,1,31
1781567174,AltarExtra,1,39
1781567174,TechMines,1,193
1781567174,Altarly,1,28
1781567174,CreakGens,1,31
1781567174,DovyGens,1,31
1781567297,AltarExtra,1,37
1781567297,TechMines,1,194
1781567297,Altarly,1,28
1781567297,CreakGens,1,31
1781567297,DovyGens,1,31
1781567417,AltarExtra,1,40
1781567417,TechMines,1,192
1781567417,Altarly,1,31
1781567417,CreakGens,1,34
1781567417,DovyGens,1,34
1781567533,AltarExtra,1,39
1781567533,TechMines,1,197
1781567533,Altarly,1,30
1781567533,CreakGens,1,33
1781567533,DovyGens,1,37
1781567657,AltarExtra,1,43
1781567657,TechMines,1,195
1781567657,Altarly,1,29
1781567657,CreakGens,1,32
1781567657,DovyGens,1,36
1781567773,AltarExtra,1,45
1781567773,TechMines,1,196
1781567773,Altarly,1,31
1781567773,CreakGens,1,32
1781567773,DovyGens,1,32
1781567892,AltarExtra,1,47
1781567892,TechMines,1,196
1781567892,Altarly,1,29
1781567892,CreakGens,1,31
1781567892,DovyGens,1,33
1781568023,AltarExtra,1,48
1781568023,TechMines,1,196
1781568023,Altarly,1,28
1781568023,CreakGens,1,30
1781568023,DovyGens,1,32
1781568141,AltarExtra,1,47
1781568141,TechMines,1,195
1781568141,Altarly,1,28
1781568141,CreakGens,1,28
1781568141,DovyGens,1,30
1781568252,AltarExtra,1,47
1781568252,TechMines,1,195
1781568252,Altarly,1,32
1781568252,CreakGens,1,30
1781568252,DovyGens,1,32
1781568379,AltarExtra,1,48
1781568379,TechMines,1,198
1781568379,Altarly,1,36
1781568379,CreakGens,1,33
1781568379,DovyGens,1,30
1781568494,AltarExtra,1,47
1781568494,TechMines,1,197
1781568494,Altarly,1,35
1781568494,CreakGens,1,33
1781568494,DovyGens,1,29
1781568618,AltarExtra,1,47
1781568618,TechMines,1,198
1781568618,Altarly,1,35
1781568618,CreakGens,1,33
1781568618,DovyGens,1,29
1781568741,AltarExtra,1,47
1781568741,TechMines,1,198
1781568741,Altarly,1,36
1781568741,CreakGens,1,34
1781568741,DovyGens,1,30
1781568852,AltarExtra,1,46
1781568852,TechMines,1,197
1781568852,Altarly,1,38
1781568852,CreakGens,1,33
1781568852,DovyGens,1,29
1781568905,AltarExtra,1,48
1781568905,TechMines,1,200
1781568905,Altarly,1,40
1781568905,CreakGens,1,33
1781568905,DovyGens,1,29
1781568973,AltarExtra,1,47
1781568973,TechMines,1,196
1781568973,Altarly,1,39
1781568973,CreakGens,1,32
1781568973,DovyGens,1,30
1781569098,AltarExtra,1,47
1781569098,TechMines,1,199
1781569098,Altarly,1,39
1781569098,CreakGens,1,34
1781569098,DovyGens,1,33
1781569224,AltarExtra,1,46
1781569224,TechMines,1,197
1781569224,Altarly,1,39
1781569224,CreakGens,1,33
1781569224,DovyGens,1,32
1781569338,AltarExtra,1,49
1781569338,TechMines,1,198
1781569338,Altarly,1,38
1781569338,CreakGens,1,33
1781569338,DovyGens,1,33
1781569452,AltarExtra,1,47
1781569452,TechMines,1,196
1781569452,Altarly,1,36
1781569452,CreakGens,1,36
1781569452,DovyGens,1,33
1781569572,AltarExtra,1,49
1781569572,TechMines,1,196
1781569572,Altarly,1,36
1781569572,CreakGens,1,34
1781569572,DovyGens,1,32
1781569697,AltarExtra,1,51
1781569697,TechMines,1,197
1781569697,Altarly,1,33
1781569697,CreakGens,1,34
1781569697,DovyGens,1,31
1781569828,AltarExtra,1,53
1781569828,TechMines,1,194
1781569828,Altarly,1,33
1781569828,CreakGens,1,33
1781569828,DovyGens,1,30
1781569932,AltarExtra,1,49
1781569932,TechMines,1,197
1781569932,Altarly,1,32
1781569932,CreakGens,1,31
1781569932,DovyGens,1,32
1781570053,AltarExtra,1,48
1781570053,TechMines,1,198
1781570053,Altarly,1,30
1781570053,CreakGens,1,31
1781570053,DovyGens,1,32
1781570174,AltarExtra,1,45
1781570174,TechMines,1,196
1781570174,Altarly,1,31
1781570174,CreakGens,1,30
1781570174,DovyGens,1,33
1781570298,AltarExtra,1,47
1781570298,TechMines,1,197
1781570298,Altarly,1,32
1781570298,CreakGens,1,34
1781570298,DovyGens,1,34
1781570429,AltarExtra,1,50
1781570429,TechMines,1,196
1781570429,Altarly,1,31
1781570429,CreakGens,1,34
1781570429,DovyGens,1,33
1781570533,AltarExtra,1,50
1781570533,TechMines,1,197
1781570533,Altarly,1,29
1781570533,CreakGens,1,37
1781570533,DovyGens,1,31
1781570652,AltarExtra,1,48
1781570652,TechMines,1,199
1781570652,Altarly,1,30
1781570652,CreakGens,1,38
1781570652,DovyGens,1,31
1781570772,AltarExtra,1,46
1781570772,TechMines,1,196
1781570772,Altarly,1,29
1781570772,CreakGens,1,39
1781570772,DovyGens,1,30
1781570897,AltarExtra,1,46
1781570897,TechMines,1,198
1781570897,Altarly,1,29
1781570897,CreakGens,1,40
1781570897,DovyGens,1,30
1781571022,AltarExtra,1,44
1781571022,TechMines,1,195
1781571022,Altarly,1,28
1781571022,CreakGens,1,39
1781571022,DovyGens,1,27
1781571132,AltarExtra,1,45
1781571132,TechMines,1,191
1781571132,Altarly,1,25
1781571132,CreakGens,1,40
1781571132,DovyGens,1,29
1781571252,AltarExtra,1,44
1781571252,TechMines,1,189
1781571252,Altarly,1,26
1781571252,CreakGens,1,40
1781571252,DovyGens,1,28
1781571381,AltarExtra,1,47
1781571381,TechMines,1,189
1781571381,Altarly,1,26
1781571381,CreakGens,1,42
1781571381,DovyGens,1,30
1781571501,AltarExtra,1,49
1781571501,TechMines,1,193
1781571501,Altarly,1,27
1781571501,CreakGens,1,42
1781571501,DovyGens,1,30
1781571627,AltarExtra,1,51
1781571627,TechMines,1,193
1781571627,Altarly,1,28
1781571627,CreakGens,1,42
1781571627,DovyGens,1,31
1781571735,AltarExtra,1,51
1781571735,TechMines,1,192
1781571735,Altarly,1,29
1781571735,CreakGens,1,42
1781571735,DovyGens,1,28
1781571858,AltarExtra,1,50
1781571858,TechMines,1,192
1781571858,Altarly,1,27
1781571858,CreakGens,1,40
1781571858,DovyGens,1,26
1781571983,AltarExtra,1,50
1781571983,TechMines,1,191
1781571983,Altarly,1,29
1781571983,CreakGens,1,42
1781571983,DovyGens,1,28
1781572093,AltarExtra,1,49
1781572093,TechMines,1,191
1781572093,Altarly,1,28
1781572093,CreakGens,1,43
1781572093,DovyGens,1,27
1781572217,AltarExtra,1,50
1781572217,TechMines,1,190
1781572217,Altarly,1,27
1781572217,CreakGens,1,45
1781572217,DovyGens,1,28
1781572333,AltarExtra,1,49
1781572333,TechMines,1,188
1781572333,Altarly,1,26
1781572333,CreakGens,1,44
1781572333,DovyGens,1,28
1781572454,AltarExtra,1,47
1781572454,TechMines,1,189
1781572454,Altarly,1,27
1781572454,CreakGens,1,42
1781572454,DovyGens,1,28
1781572574,AltarExtra,1,46
1781572574,TechMines,1,188
1781572574,Altarly,1,29
1781572574,CreakGens,1,43
1781572574,DovyGens,1,28
1781572702,AltarExtra,1,47
1781572702,TechMines,1,188
1781572702,Altarly,1,31
1781572702,CreakGens,1,43
1781572702,DovyGens,1,28
1781572826,AltarExtra,1,48
1781572826,TechMines,1,186
1781572826,Altarly,1,30
1781572826,CreakGens,1,45
1781572826,DovyGens,1,28
1781572939,AltarExtra,1,49
1781572939,TechMines,1,188
1781572939,Altarly,1,27
1781572939,CreakGens,1,49
1781572939,DovyGens,1,27
1781573054,AltarExtra,1,48
1781573054,TechMines,1,187
1781573054,Altarly,1,26
1781573054,CreakGens,1,46
1781573054,DovyGens,1,26
1781573171,AltarExtra,1,44
1781573171,TechMines,1,189
1781573171,Altarly,1,24
1781573171,CreakGens,1,44
1781573171,DovyGens,1,24
1781573298,AltarExtra,1,43
1781573298,TechMines,1,187
1781573298,Altarly,1,22
1781573298,CreakGens,1,46
1781573298,DovyGens,1,25
1781573426,AltarExtra,1,46
1781573426,TechMines,1,189
1781573426,Altarly,1,23
1781573426,CreakGens,1,45
1781573426,DovyGens,1,26
1781573538,AltarExtra,1,46
1781573538,TechMines,1,186
1781573538,Altarly,1,24
1781573538,CreakGens,1,50
1781573538,DovyGens,1,26
1781573658,AltarExtra,1,48
1781573658,TechMines,1,187
1781573658,Altarly,1,24
1781573658,CreakGens,1,52
1781573658,DovyGens,1,28
1781573777,AltarExtra,1,47
1781573777,TechMines,1,185
1781573777,Altarly,1,25
1781573777,CreakGens,1,51
1781573777,DovyGens,1,29
1781573890,AltarExtra,1,47
1781573890,TechMines,1,186
1781573890,Altarly,1,28
1781573890,CreakGens,1,51
1781573890,DovyGens,1,32
1781574021,AltarExtra,1,52
1781574021,TechMines,1,190
1781574021,Altarly,1,25
1781574021,CreakGens,1,54
1781574021,DovyGens,1,33
1781574132,AltarExtra,1,50
1781574132,TechMines,1,191
1781574132,Altarly,1,26
1781574132,CreakGens,1,56
1781574132,DovyGens,1,32
1781574251,AltarExtra,1,49
1781574251,TechMines,1,191
1781574251,Altarly,1,25
1781574251,CreakGens,1,52
1781574251,DovyGens,1,30
1781574377,AltarExtra,1,48
1781574377,TechMines,1,191
1781574377,Altarly,1,24
1781574377,CreakGens,1,51
1781574377,DovyGens,1,31
1781574493,AltarExtra,1,46
1781574493,TechMines,1,195
1781574493,Altarly,1,21
1781574493,CreakGens,1,47
1781574493,DovyGens,1,33
1781574624,AltarExtra,1,47
1781574624,TechMines,1,193
1781574624,Altarly,1,21
1781574624,CreakGens,1,48
1781574624,DovyGens,1,34
1781574735,AltarExtra,1,46
1781574735,TechMines,1,193
1781574735,Altarly,1,27
1781574735,CreakGens,1,49
1781574735,DovyGens,1,36
1781574859,AltarExtra,1,47
1781574859,TechMines,1,191
1781574859,Altarly,1,25
1781574859,CreakGens,1,49
1781574859,DovyGens,1,35
1781574978,AltarExtra,1,46
1781574978,TechMines,1,186
1781574978,Altarly,1,25
1781574978,CreakGens,1,49
1781574978,DovyGens,1,34
1781575092,AltarExtra,1,46
1781575092,TechMines,1,185
1781575092,Altarly,1,24
1781575092,CreakGens,1,50
1781575092,DovyGens,1,34
1781575223,AltarExtra,1,46
1781575223,TechMines,1,186
1781575223,Altarly,1,24
1781575223,CreakGens,1,45
1781575223,DovyGens,1,35
1781575335,AltarExtra,1,45
1781575335,TechMines,1,184
1781575335,Altarly,1,23
1781575335,CreakGens,1,47
1781575335,DovyGens,1,35
1781575460,AltarExtra,1,44
1781575460,TechMines,1,185
1781575460,Altarly,1,23
1781575460,CreakGens,1,46
1781575460,DovyGens,1,35
1781575580,AltarExtra,1,46
1781575580,TechMines,1,184
1781575580,Altarly,1,25
1781575580,CreakGens,1,44
1781575580,DovyGens,1,36
1781575697,AltarExtra,1,42
1781575697,TechMines,1,184
1781575697,Altarly,1,26
1781575697,CreakGens,1,46
1781575697,DovyGens,1,35
1781575815,AltarExtra,1,43
1781575815,TechMines,1,184
1781575815,Altarly,1,26
1781575815,CreakGens,1,44
1781575815,DovyGens,1,37
1781575931,AltarExtra,1,43
1781575931,TechMines,1,181
1781575931,Altarly,1,24
1781575931,CreakGens,1,43
1781575931,DovyGens,1,38
1781576052,AltarExtra,1,44
1781576052,TechMines,1,183
1781576052,Altarly,1,25
1781576052,CreakGens,1,41
1781576052,DovyGens,1,39
1781576175,AltarExtra,1,42
1781576175,TechMines,1,184
1781576175,Altarly,1,26
1781576175,CreakGens,1,40
1781576175,DovyGens,1,41
1781576304,AltarExtra,1,38
1781576304,TechMines,1,185
1781576304,Altarly,1,25
1781576304,CreakGens,1,43
1781576304,DovyGens,1,36
1781576422,AltarExtra,1,36
1781576422,TechMines,1,181
1781576422,Altarly,1,26
1781576422,CreakGens,1,44
1781576422,DovyGens,1,32
1781576536,AltarExtra,1,36
1781576536,TechMines,1,181
1781576536,Altarly,1,25
1781576536,CreakGens,1,41
1781576536,DovyGens,1,35
1781576653,AltarExtra,1,34
1781576653,TechMines,1,179
1781576653,Altarly,1,25
1781576653,CreakGens,1,38
1781576653,DovyGens,1,34
1781576773,AltarExtra,1,32
1781576773,TechMines,1,179
1781576773,Altarly,1,24
1781576773,CreakGens,1,39
1781576773,DovyGens,1,34
1781576898,AltarExtra,1,33
1781576898,TechMines,1,181
1781576898,Altarly,1,23
1781576898,CreakGens,1,38
1781576898,DovyGens,1,31
1781577022,AltarExtra,1,31
1781577022,TechMines,1,183
1781577022,Altarly,1,22
1781577022,CreakGens,1,38
1781577022,DovyGens,1,33
1781577133,AltarExtra,1,28
1781577133,TechMines,1,179
1781577133,Altarly,1,24
1781577133,CreakGens,1,36
1781577133,DovyGens,1,31
1781577258,AltarExtra,1,28
1781577258,TechMines,1,179
1781577258,Altarly,1,25
1781577258,CreakGens,1,35
1781577258,DovyGens,1,28
1781577374,AltarExtra,1,28
1781577374,TechMines,1,185
1781577374,Altarly,1,24
1781577374,CreakGens,1,39
1781577374,DovyGens,1,28
1781577495,AltarExtra,1,27
1781577495,TechMines,1,182
1781577495,Altarly,1,23
1781577495,CreakGens,1,35
1781577495,DovyGens,1,28
1781577618,AltarExtra,1,31
1781577618,TechMines,1,182
1781577618,Altarly,1,22
1781577618,CreakGens,1,32
1781577618,DovyGens,1,27
1781577739,AltarExtra,1,31
1781577739,TechMines,1,183
1781577739,Altarly,1,24
1781577739,CreakGens,1,30
1781577739,DovyGens,1,26
1781577855,AltarExtra,1,33
1781577855,TechMines,1,182
1781577855,Altarly,1,26
1781577855,CreakGens,1,31
1781577855,DovyGens,1,25
1781577974,AltarExtra,1,32
1781577974,TechMines,1,182
1781577974,Altarly,1,25
1781577974,CreakGens,1,29
1781577974,DovyGens,1,27
1781578099,AltarExtra,1,33
1781578099,TechMines,1,183
1781578099,Altarly,1,24
1781578099,CreakGens,1,30
1781578099,DovyGens,1,27
1781578222,AltarExtra,1,32
1781578222,TechMines,1,180
1781578222,Altarly,1,25
1781578222,CreakGens,1,31
1781578222,DovyGens,1,26
1781578332,AltarExtra,1,30
1781578332,TechMines,1,183
1781578332,Altarly,1,25
1781578332,CreakGens,1,30
1781578332,DovyGens,1,28
1781578453,AltarExtra,1,31
1781578453,TechMines,1,181
1781578453,Altarly,1,24
1781578453,CreakGens,1,30
1781578453,DovyGens,1,27
1781578579,AltarExtra,1,30
1781578579,TechMines,1,179
1781578579,Altarly,1,25
1781578579,CreakGens,1,28
1781578579,DovyGens,1,29
1781578691,AltarExtra,1,31
1781578691,TechMines,1,181
1781578691,Altarly,1,25
1781578691,CreakGens,1,27
1781578691,DovyGens,1,30
1781578823,AltarExtra,1,30
1781578823,TechMines,1,182
1781578823,Altarly,1,24
1781578823,CreakGens,1,29
1781578823,DovyGens,1,29
1781578938,AltarExtra,1,33
1781578938,TechMines,1,180
1781578938,Altarly,1,21
1781578938,CreakGens,1,29
1781578938,DovyGens,1,28
1781579059,AltarExtra,1,31
1781579059,TechMines,1,180
1781579059,Altarly,1,21
1781579059,CreakGens,1,28
1781579059,DovyGens,1,29
1781579173,AltarExtra,1,34
1781579173,TechMines,1,177
1781579173,Altarly,1,23
1781579173,CreakGens,1,27
1781579173,DovyGens,1,30
1781579297,AltarExtra,1,40
1781579297,TechMines,1,179
1781579297,Altarly,1,25
1781579297,CreakGens,1,28
1781579297,DovyGens,1,27
1781579421,AltarExtra,1,40
1781579421,TechMines,1,179
1781579421,Altarly,1,27
1781579421,CreakGens,1,29
1781579421,DovyGens,1,29
1781579539,AltarExtra,1,39
1781579539,TechMines,1,180
1781579539,Altarly,1,29
1781579539,CreakGens,1,28
1781579539,DovyGens,1,27
1781579652,AltarExtra,1,40
1781579652,TechMines,1,180
1781579652,Altarly,1,29
1781579652,CreakGens,1,27
1781579652,DovyGens,1,27
1781579777,AltarExtra,1,40
1781579777,TechMines,1,179
1781579777,Altarly,1,29
1781579777,CreakGens,1,27
1781579777,DovyGens,1,25
1781579893,AltarExtra,1,38
1781579893,TechMines,1,179
1781579893,Altarly,1,29
1781579893,CreakGens,1,27
1781579893,DovyGens,1,25
1781580017,AltarExtra,1,39
1781580017,TechMines,1,181
1781580017,Altarly,1,27
1781580017,CreakGens,1,27
1781580017,DovyGens,1,23
1781580133,AltarExtra,1,41
1781580133,TechMines,1,182
1781580133,Altarly,1,26
1781580133,CreakGens,1,30
1781580133,DovyGens,1,22
1781580253,AltarExtra,1,41
1781580253,TechMines,1,182
1781580253,Altarly,1,26
1781580253,CreakGens,1,31
1781580253,DovyGens,1,24
1781580375,AltarExtra,1,41
1781580375,TechMines,1,175
1781580375,Altarly,1,24
1781580375,CreakGens,1,28
1781580375,DovyGens,1,27
1781580494,AltarExtra,1,44
1781580494,TechMines,1,178
1781580494,Altarly,1,24
1781580494,CreakGens,1,26
1781580494,DovyGens,1,29
1781580626,AltarExtra,1,44
1781580626,TechMines,1,179
1781580626,Altarly,1,26
1781580626,CreakGens,1,24
1781580626,DovyGens,1,29
1781580737,AltarExtra,1,43
1781580737,TechMines,1,179
1781580737,Altarly,1,25
1781580737,CreakGens,1,22
1781580737,DovyGens,1,29
1781580854,AltarExtra,1,43
1781580854,TechMines,1,178
1781580854,Altarly,1,25
1781580854,CreakGens,1,22
1781580854,DovyGens,1,30
1781580978,AltarExtra,1,42
1781580978,TechMines,1,173
1781580978,Altarly,1,28
1781580978,CreakGens,1,23
1781580978,DovyGens,1,28
1781581093,AltarExtra,1,42
1781581093,TechMines,1,177
1781581093,Altarly,1,28
1781581093,CreakGens,1,24
1781581093,DovyGens,1,29
1781581218,AltarExtra,1,43
1781581218,TechMines,1,177
1781581218,Altarly,1,27
1781581218,CreakGens,1,27
1781581218,DovyGens,1,26
1781581334,AltarExtra,1,44
1781581334,TechMines,1,176
1781581334,Altarly,1,29
1781581334,CreakGens,1,26
1781581334,DovyGens,1,27
1781581454,AltarExtra,1,42
1781581454,TechMines,1,176
1781581454,Altarly,1,30
1781581454,CreakGens,1,27
1781581454,DovyGens,1,27
1781581579,AltarExtra,1,43
1781581579,TechMines,1,177
1781581579,Altarly,1,30
1781581579,CreakGens,1,25
1781581579,DovyGens,1,26
1781581698,AltarExtra,1,41
1781581698,TechMines,1,176
1781581698,Altarly,1,29
1781581698,CreakGens,1,26
1781581698,DovyGens,1,26
1781581826,AltarExtra,1,41
1781581826,TechMines,1,174
1781581826,Altarly,1,26
1781581826,CreakGens,1,23
1781581826,DovyGens,1,27
1781581936,AltarExtra,1,41
1781581936,TechMines,1,173
1781581936,Altarly,1,25
1781581936,CreakGens,1,24
1781581936,DovyGens,1,26
1781582058,AltarExtra,1,41
1781582058,TechMines,1,174
1781582058,Altarly,1,27
1781582058,CreakGens,1,26
1781582058,DovyGens,1,29
1781582173,AltarExtra,1,41
1781582173,TechMines,1,175
1781582173,Altarly,1,26
1781582173,CreakGens,1,25
1781582173,DovyGens,1,30
1781582293,AltarExtra,1,41
1781582293,TechMines,1,179
1781582293,Altarly,1,26
1781582293,CreakGens,1,24
1781582293,DovyGens,1,30
1781582426,AltarExtra,1,38
1781582426,TechMines,1,179
1781582426,Altarly,1,26
1781582426,CreakGens,1,25
1781582426,DovyGens,1,29
1781582535,AltarExtra,1,36
1781582535,TechMines,1,180
1781582535,Altarly,1,26
1781582535,CreakGens,1,25
1781582535,DovyGens,1,28
1781582653,AltarExtra,1,35
1781582653,TechMines,1,177
1781582653,Altarly,1,26
1781582653,CreakGens,1,24
1781582653,DovyGens,1,28
1781582772,AltarExtra,1,30
1781582772,TechMines,1,149
1781582772,Altarly,1,20
1781582772,CreakGens,1,24
1781582772,DovyGens,1,26
1781582893,AltarExtra,1,31
1781582893,TechMines,1,159
1781582893,Altarly,1,19
1781582893,CreakGens,1,23
1781582893,DovyGens,1,26
1781583017,AltarExtra,1,32
1781583017,TechMines,1,165
1781583017,Altarly,1,20
1781583017,CreakGens,1,26
1781583017,DovyGens,1,26
1781583140,AltarExtra,1,33
1781583140,TechMines,1,163
1781583140,Altarly,1,22
1781583140,CreakGens,1,24
1781583140,DovyGens,1,26
1781583257,AltarExtra,1,34
1781583257,TechMines,1,163
1781583257,Altarly,1,21
1781583257,CreakGens,1,23
1781583257,DovyGens,1,26
1781583377,AltarExtra,1,35
1781583377,TechMines,1,165
1781583377,Altarly,1,21
1781583377,CreakGens,1,26
1781583377,DovyGens,1,22
1781583498,AltarExtra,1,35
1781583498,TechMines,1,166
1781583498,Altarly,1,19
1781583498,CreakGens,1,23
1781583498,DovyGens,1,22
1781583622,AltarExtra,1,36
1781583622,TechMines,1,164
1781583622,Altarly,1,16
1781583622,CreakGens,1,24
1781583622,DovyGens,1,25
1781583740,AltarExtra,1,38
1781583740,TechMines,1,163
1781583740,Altarly,1,17
1781583740,CreakGens,1,23
1781583740,DovyGens,1,26
1781583853,AltarExtra,1,35
1781583853,TechMines,1,164
1781583853,Altarly,1,20
1781583853,CreakGens,1,25
1781583853,DovyGens,1,26
1781583981,AltarExtra,1,35
1781583981,TechMines,1,166
1781583981,Altarly,1,23
1781583981,CreakGens,1,25
1781583981,DovyGens,1,29
1781584097,AltarExtra,1,35
1781584097,TechMines,1,160
1781584097,Altarly,1,20
1781584097,CreakGens,1,24
1781584097,DovyGens,1,28
1781584224,AltarExtra,1,38
1781584224,TechMines,1,160
1781584224,Altarly,1,22
1781584224,CreakGens,1,24
1781584224,DovyGens,1,25
1781584333,AltarExtra,1,42
1781584333,TechMines,1,158
1781584333,Altarly,1,21
1781584333,CreakGens,1,24
1781584333,DovyGens,1,25
1781584455,AltarExtra,1,39
1781584455,TechMines,1,158
1781584455,Altarly,1,20
1781584455,CreakGens,1,25
1781584455,DovyGens,1,24
1781584572,AltarExtra,1,42
1781584572,TechMines,1,159
1781584572,Altarly,1,19
1781584572,CreakGens,1,25
1781584572,DovyGens,1,24
1781584699,AltarExtra,1,39
1781584699,TechMines,1,158
1781584699,Altarly,1,21
1781584699,CreakGens,1,24
1781584699,DovyGens,1,26
1781584816,AltarExtra,1,39
1781584816,TechMines,1,155
1781584816,Altarly,1,23
1781584816,CreakGens,1,24
1781584816,DovyGens,1,25
1781584932,AltarExtra,1,38
1781584932,TechMines,1,155
1781584932,Altarly,1,20
1781584932,CreakGens,1,22
1781584932,DovyGens,1,24
1781585052,AltarExtra,1,41
1781585052,TechMines,1,157
1781585052,Altarly,1,19
1781585052,CreakGens,1,25
1781585052,DovyGens,1,26
1781585181,AltarExtra,1,38
1781585181,TechMines,1,155
1781585181,Altarly,1,21
1781585181,CreakGens,1,26
1781585181,DovyGens,1,25
1781585297,AltarExtra,1,40
1781585297,TechMines,1,158
1781585297,Altarly,1,22
1781585297,CreakGens,1,27
1781585297,DovyGens,1,25
1781585415,AltarExtra,1,46
1781585415,TechMines,1,160
1781585415,Altarly,1,23
1781585415,CreakGens,1,26
1781585415,DovyGens,1,20
1781585540,AltarExtra,1,43
1781585540,TechMines,1,157
1781585540,Altarly,1,20
1781585540,CreakGens,1,25
1781585540,DovyGens,1,20
1781585653,AltarExtra,1,45
1781585653,TechMines,1,155
1781585653,Altarly,1,20
1781585653,CreakGens,1,25
1781585653,DovyGens,1,15
1781585777,AltarExtra,1,43
1781585777,TechMines,1,157
1781585777,Altarly,1,19
1781585777,CreakGens,1,26
1781585777,DovyGens,1,15
1781585892,AltarExtra,1,44
1781585892,TechMines,1,160
1781585892,Altarly,1,19
1781585892,CreakGens,1,26
1781585892,DovyGens,1,16
1781586022,AltarExtra,1,41
1781586022,TechMines,1,161
1781586022,Altarly,1,20
1781586022,CreakGens,1,25
1781586022,DovyGens,1,17
1781586141,AltarExtra,1,42
1781586141,TechMines,1,157
1781586141,Altarly,1,21
1781586141,CreakGens,1,24
1781586141,DovyGens,1,17
1781586257,AltarExtra,1,41
1781586257,TechMines,1,160
1781586257,Altarly,1,22
1781586257,CreakGens,1,25
1781586257,DovyGens,1,17
1781586377,AltarExtra,1,40
1781586377,TechMines,1,163
1781586377,Altarly,1,19
1781586377,CreakGens,1,25
1781586377,DovyGens,1,16
1781586496,AltarExtra,1,39
1781586496,TechMines,1,160
1781586496,Altarly,1,19
1781586496,CreakGens,1,26
1781586496,DovyGens,1,17
1781586621,AltarExtra,1,39
1781586621,TechMines,1,160
1781586621,Altarly,1,19
1781586621,CreakGens,1,25
1781586621,DovyGens,1,18
1781586732,AltarExtra,1,39
1781586732,TechMines,1,159
1781586732,Altarly,1,19
1781586732,CreakGens,1,25
1781586732,DovyGens,1,18
1781586854,AltarExtra,1,36
1781586854,TechMines,1,161
1781586854,Altarly,1,19
1781586854,CreakGens,1,27
1781586854,DovyGens,1,17
1781586978,AltarExtra,1,35
1781586978,TechMines,1,160
1781586978,Altarly,1,19
1781586978,CreakGens,1,27
1781586978,DovyGens,1,17
1781587093,AltarExtra,1,37
1781587093,TechMines,1,160
1781587093,Altarly,1,18
1781587093,CreakGens,1,27
1781587093,DovyGens,1,18
1781587222,AltarExtra,1,35
1781587222,TechMines,1,162
1781587222,Altarly,1,18
1781587222,CreakGens,1,25
1781587222,DovyGens,1,16
1781587332,AltarExtra,1,37
1781587332,TechMines,1,160
1781587332,Altarly,1,17
1781587332,CreakGens,1,25
1781587332,DovyGens,1,16
1781587459,AltarExtra,1,36
1781587459,TechMines,1,159
1781587459,Altarly,1,18
1781587459,CreakGens,1,24
1781587459,DovyGens,1,17
1781587573,AltarExtra,1,33
1781587573,TechMines,1,157
1781587573,Altarly,1,16
1781587573,CreakGens,1,25
1781587573,DovyGens,1,16
1781587697,AltarExtra,1,34
1781587697,TechMines,1,157
1781587697,Altarly,1,15
1781587697,CreakGens,1,23
1781587697,DovyGens,1,18
1781587828,AltarExtra,1,30
1781587828,TechMines,1,158
1781587828,Altarly,1,15
1781587828,CreakGens,1,25
1781587828,DovyGens,1,19
1781587939,AltarExtra,1,29
1781587939,TechMines,1,155
1781587939,Altarly,1,15
1781587939,CreakGens,1,27
1781587939,DovyGens,1,20
1781588053,AltarExtra,1,29
1781588053,TechMines,1,156
1781588053,Altarly,1,14
1781588053,CreakGens,1,25
1781588053,DovyGens,1,21
1781588178,AltarExtra,1,29
1781588178,TechMines,1,155
1781588178,Altarly,1,14
1781588178,CreakGens,1,24
1781588178,DovyGens,1,20
1781588292,AltarExtra,1,29
1781588292,TechMines,1,153
1781588292,Altarly,1,14
1781588292,CreakGens,1,27
1781588292,DovyGens,1,22
1781588386,AltarExtra,1,26
1781588386,TechMines,1,151
1781588386,Altarly,1,16
1781588386,CreakGens,1,25
1781588386,DovyGens,1,24
1781588419,AltarExtra,1,26
1781588419,TechMines,1,152
1781588419,Altarly,1,15
1781588419,CreakGens,1,26
1781588419,DovyGens,1,23
1781588534,AltarExtra,1,25
1781588534,TechMines,1,153
1781588534,Altarly,1,16
1781588534,CreakGens,1,24
1781588534,DovyGens,1,24
1781588658,AltarExtra,1,23
1781588658,TechMines,1,151
1781588658,Altarly,1,17
1781588658,CreakGens,1,23
1781588658,DovyGens,1,24
1781588776,AltarExtra,1,25
1781588776,TechMines,1,152
1781588776,Altarly,1,16
1781588776,CreakGens,1,24
1781588776,DovyGens,1,24
1781588902,AltarExtra,1,25
1781588902,TechMines,1,150
1781588902,Altarly,1,17
1781588902,CreakGens,1,24
1781588902,DovyGens,1,24
1781589019,AltarExtra,1,29
1781589019,TechMines,1,150
1781589019,Altarly,1,19
1781589019,CreakGens,1,23
1781589019,DovyGens,1,24
1781589135,AltarExtra,1,26
1781589135,TechMines,1,151
1781589135,Altarly,1,21
1781589135,CreakGens,1,25
1781589135,DovyGens,1,24
1781589253,AltarExtra,1,25
1781589253,TechMines,1,152
1781589253,Altarly,1,22
1781589253,CreakGens,1,27
1781589253,DovyGens,1,23
1781589381,AltarExtra,1,27
1781589381,TechMines,1,155
1781589381,Altarly,1,22
1781589381,CreakGens,1,25
1781589381,DovyGens,1,23
1781589494,AltarExtra,1,28
1781589494,TechMines,1,156
1781589494,Altarly,1,20
1781589494,CreakGens,1,27
1781589494,DovyGens,1,23
1781589626,AltarExtra,1,25
1781589626,TechMines,1,158
1781589626,Altarly,1,18
1781589626,CreakGens,1,30
1781589626,DovyGens,1,26
1781589733,AltarExtra,1,26
1781589733,TechMines,1,158
1781589733,Altarly,1,20
1781589733,CreakGens,1,29
1781589733,DovyGens,1,25
1781589856,AltarExtra,1,26
1781589856,TechMines,1,158
1781589856,Altarly,1,20
1781589856,CreakGens,1,28
1781589856,DovyGens,1,25
1781589980,AltarExtra,1,26
1781589980,TechMines,1,160
1781589980,Altarly,1,19
1781589980,CreakGens,1,29
1781589980,DovyGens,1,25
1781590096,AltarExtra,1,25
1781590096,TechMines,1,155
1781590096,Altarly,1,19
1781590096,CreakGens,1,30
1781590096,DovyGens,1,25
1781590218,AltarExtra,1,24
1781590218,TechMines,1,163
1781590218,Altarly,1,17
1781590218,CreakGens,1,30
1781590218,DovyGens,1,25
1781590342,AltarExtra,1,25
1781590342,TechMines,1,163
1781590342,Altarly,1,18
1781590342,CreakGens,1,26
1781590342,DovyGens,1,26
1781590458,AltarExtra,1,24
1781590458,TechMines,1,164
1781590458,Altarly,1,18
1781590458,CreakGens,1,26
1781590458,DovyGens,1,24
1781590582,AltarExtra,1,22
1781590582,TechMines,1,164
1781590582,Altarly,1,19
1781590582,CreakGens,1,26
1781590582,DovyGens,1,22
1781590702,AltarExtra,1,23
1781590702,TechMines,1,163
1781590702,Altarly,1,20
1781590702,CreakGens,1,26
1781590702,DovyGens,1,20
1781590822,AltarExtra,1,22
1781590822,TechMines,1,166
1781590822,Altarly,1,22
1781590822,CreakGens,1,26
1781590822,DovyGens,1,18
1781590938,AltarExtra,1,24
1781590938,TechMines,1,169
1781590938,Altarly,1,21
1781590938,CreakGens,1,26
1781590938,DovyGens,1,20
1781591061,AltarExtra,1,20
1781591061,TechMines,1,170
1781591061,Altarly,1,21
1781591061,CreakGens,1,27
1781591061,DovyGens,1,22
1781591171,AltarExtra,1,18
1781591171,TechMines,1,170
1781591171,Altarly,1,20
1781591171,CreakGens,1,26
1781591171,DovyGens,1,22
1781591299,AltarExtra,1,18
1781591299,TechMines,1,170
1781591299,Altarly,1,19
1781591299,CreakGens,1,25
1781591299,DovyGens,1,22
1781591418,AltarExtra,1,18
1781591418,TechMines,1,169
1781591418,Altarly,1,13
1781591418,CreakGens,1,26
1781591418,DovyGens,1,22
1781591533,AltarExtra,1,17
1781591533,TechMines,1,166
1781591533,Altarly,1,14
1781591533,CreakGens,1,26
1781591533,DovyGens,1,23
1781591653,AltarExtra,1,21
1781591653,TechMines,1,167
1781591653,Altarly,1,11
1781591653,CreakGens,1,25
1781591653,DovyGens,1,19
1781591783,AltarExtra,1,19
1781591783,TechMines,1,166
1781591783,Altarly,1,12
1781591783,CreakGens,1,25
1781591783,DovyGens,1,19
1781591896,AltarExtra,1,19
1781591896,TechMines,1,165
1781591896,Altarly,1,11
1781591896,CreakGens,1,25
1781591896,DovyGens,1,19
1781592018,AltarExtra,1,21
1781592018,TechMines,1,168
1781592018,Altarly,1,11
1781592018,CreakGens,1,26
1781592018,DovyGens,1,20
1781592134,AltarExtra,1,21
1781592134,TechMines,1,168
1781592134,Altarly,1,9
1781592134,CreakGens,1,25
1781592134,DovyGens,1,24
1781592253,AltarExtra,1,20
1781592253,TechMines,1,166
1781592253,Altarly,1,8
1781592253,CreakGens,1,26
1781592253,DovyGens,1,24
1781592379,AltarExtra,1,21
1781592379,TechMines,1,168
1781592379,Altarly,1,8
1781592379,CreakGens,1,26
1781592379,DovyGens,1,24
1781592494,AltarExtra,1,22
1781592494,TechMines,1,165
1781592494,Altarly,1,8
1781592494,CreakGens,1,27
1781592494,DovyGens,1,26
1781592615,AltarExtra,1,17
1781592615,TechMines,1,166
1781592615,Altarly,1,9
1781592615,CreakGens,1,25
1781592615,DovyGens,1,25
1781592734,AltarExtra,1,18
1781592734,TechMines,1,167
1781592734,Altarly,1,10
1781592734,CreakGens,1,23
1781592734,DovyGens,1,23
1781592855,AltarExtra,1,18
1781592855,TechMines,1,166
1781592855,Altarly,1,10
1781592855,CreakGens,1,24
1781592855,DovyGens,1,23
1781592980,AltarExtra,1,19
1781592980,TechMines,1,166
1781592980,Altarly,1,11
1781592980,CreakGens,1,23
1781592980,DovyGens,1,24
1781593093,AltarExtra,1,20
1781593093,TechMines,1,163
1781593093,Altarly,1,9
1781593093,CreakGens,1,24
1781593093,DovyGens,1,23
1781593229,AltarExtra,1,19
1781593229,TechMines,1,164
1781593229,Altarly,1,10
1781593229,CreakGens,1,23
1781593229,DovyGens,1,21
1781593332,AltarExtra,1,17
1781593332,TechMines,1,164
1781593332,Altarly,1,10
1781593332,CreakGens,1,23
1781593332,DovyGens,1,20
1781593461,AltarExtra,1,16
1781593461,TechMines,1,162
1781593461,Altarly,1,11
1781593461,CreakGens,1,24
1781593461,DovyGens,1,21
1781593579,AltarExtra,1,17
1781593579,TechMines,1,162
1781593579,Altarly,1,9
1781593579,CreakGens,1,24
1781593579,DovyGens,1,21
1781593694,AltarExtra,1,17
1781593694,TechMines,1,163
1781593694,Altarly,1,9
1781593694,CreakGens,1,25
1781593694,DovyGens,1,22
1781593822,AltarExtra,1,17
1781593822,TechMines,1,163
1781593822,Altarly,1,9
1781593822,CreakGens,1,25
1781593822,DovyGens,1,20
1781593932,AltarExtra,1,17
1781593932,TechMines,1,166
1781593932,Altarly,1,10
1781593932,CreakGens,1,24
1781593932,DovyGens,1,18
1781594060,AltarExtra,1,15
1781594060,TechMines,1,165
1781594060,Altarly,1,10
1781594060,CreakGens,1,26
1781594060,DovyGens,1,15
1781594178,AltarExtra,1,19
1781594178,TechMines,1,165
1781594178,Altarly,1,13
1781594178,CreakGens,1,25
1781594178,DovyGens,1,15
1781594295,AltarExtra,1,18
1781594295,TechMines,1,163
1781594295,Altarly,1,14
1781594295,CreakGens,1,27
1781594295,DovyGens,1,15
1781594418,AltarExtra,1,18
1781594418,TechMines,1,160
1781594418,Altarly,1,15
1781594418,CreakGens,1,27
1781594418,DovyGens,1,14
1781594538,AltarExtra,1,18
1781594538,TechMines,1,163
1781594538,Altarly,1,13
1781594538,CreakGens,1,27
1781594538,DovyGens,1,13
1781594657,AltarExtra,1,17
1781594657,TechMines,1,164
1781594657,Altarly,1,13
1781594657,CreakGens,1,26
1781594657,DovyGens,1,12
1781594779,AltarExtra,1,18
1781594779,TechMines,1,166
1781594779,Altarly,1,13
1781594779,CreakGens,1,25
1781594779,DovyGens,1,13
1781594901,AltarExtra,1,19
1781594901,TechMines,1,167
1781594901,Altarly,1,13
1781594901,CreakGens,1,23
1781594901,DovyGens,1,15
1781595023,AltarExtra,1,18
1781595023,TechMines,1,164
1781595023,Altarly,1,15
1781595023,CreakGens,1,22
1781595023,DovyGens,1,16
1781595138,AltarExtra,1,18
1781595138,TechMines,1,168
1781595138,Altarly,1,16
1781595138,CreakGens,1,23
1781595138,DovyGens,1,18
1781595254,AltarExtra,1,18
1781595254,TechMines,1,168
1781595254,Altarly,1,15
1781595254,CreakGens,1,21
1781595254,DovyGens,1,18
1781595381,AltarExtra,1,18
1781595381,TechMines,1,168
1781595381,Altarly,1,14
1781595381,CreakGens,1,21
1781595381,DovyGens,1,20
1781595493,AltarExtra,1,16
1781595493,TechMines,1,167
1781595493,Altarly,1,14
1781595493,CreakGens,1,21
1781595493,DovyGens,1,22
1781595617,AltarExtra,1,16
1781595617,TechMines,1,165
1781595617,Altarly,1,14
1781595617,CreakGens,1,21
1781595617,DovyGens,1,23
1781595732,AltarExtra,1,17
1781595732,TechMines,1,167
1781595732,Altarly,1,12
1781595732,CreakGens,1,21
1781595732,DovyGens,1,22
1781595861,AltarExtra,1,17
1781595861,TechMines,1,165
1781595861,Altarly,1,14
1781595861,CreakGens,1,21
1781595861,DovyGens,1,23
1781595979,AltarExtra,1,16
1781595979,TechMines,1,166
1781595979,Altarly,1,13
1781595979,CreakGens,1,21
1781595979,DovyGens,1,24
1781596098,AltarExtra,1,17
1781596098,TechMines,1,166
1781596098,Altarly,1,13
1781596098,CreakGens,1,23
1781596098,DovyGens,1,24
1781596216,AltarExtra,1,16
1781596216,TechMines,1,165
1781596216,Altarly,1,14
1781596216,CreakGens,1,21
1781596216,DovyGens,1,25
1781596340,AltarExtra,1,17
1781596340,TechMines,1,169
1781596340,Altarly,1,15
1781596340,CreakGens,1,20
1781596340,DovyGens,1,24
1781596452,AltarExtra,1,16
1781596452,TechMines,1,168
1781596452,Altarly,1,13
1781596452,CreakGens,1,21
1781596452,DovyGens,1,27
1781596581,AltarExtra,1,16
1781596581,TechMines,1,171
1781596581,Altarly,1,13
1781596581,CreakGens,1,20
1781596581,DovyGens,1,26
1781596696,AltarExtra,1,19
1781596696,TechMines,1,171
1781596696,Altarly,1,13
1781596696,CreakGens,1,20
1781596696,DovyGens,1,25
1781596821,AltarExtra,1,18
1781596821,TechMines,1,174
1781596821,Altarly,1,13
1781596821,CreakGens,1,20
1781596821,DovyGens,1,27
1781596939,AltarExtra,1,19
1781596939,TechMines,1,173
1781596939,Altarly,1,13
1781596939,CreakGens,1,20
1781596939,DovyGens,1,27
1781597064,AltarExtra,1,20
1781597064,TechMines,1,172
1781597064,Altarly,1,13
1781597064,CreakGens,1,18
1781597064,DovyGens,1,30
1781597181,AltarExtra,1,20
1781597181,TechMines,1,172
1781597181,Altarly,1,12
1781597181,CreakGens,1,17
1781597181,DovyGens,1,29
1781597302,AltarExtra,1,20
1781597302,TechMines,1,174
1781597302,Altarly,1,12
1781597302,CreakGens,1,16
1781597302,DovyGens,1,28
1781597422,AltarExtra,1,23
1781597422,TechMines,1,173
1781597422,Altarly,1,17
1781597422,CreakGens,1,17
1781597422,DovyGens,1,27
1781597543,AltarExtra,1,22
1781597543,TechMines,1,173
1781597543,Altarly,1,16
1781597543,CreakGens,1,18
1781597543,DovyGens,1,26
1781597656,AltarExtra,1,21
1781597656,TechMines,1,174
1781597656,Altarly,1,16
1781597656,CreakGens,1,20
1781597656,DovyGens,1,25
1781597780,AltarExtra,1,17
1781597780,TechMines,1,174
1781597780,Altarly,1,17
1781597780,CreakGens,1,19
1781597780,DovyGens,1,26
1781597901,AltarExtra,1,18
1781597901,TechMines,1,173
1781597901,Altarly,1,17
1781597901,CreakGens,1,19
1781597901,DovyGens,1,26
1781598019,AltarExtra,1,20
1781598019,TechMines,1,172
1781598019,Altarly,1,16
1781598019,CreakGens,1,19
1781598019,DovyGens,1,26
1781598140,AltarExtra,1,18
1781598140,TechMines,1,173
1781598140,Altarly,1,16
1781598140,CreakGens,1,19
1781598140,DovyGens,1,26
1781598258,AltarExtra,1,16
1781598258,TechMines,1,173
1781598258,Altarly,1,17
1781598258,CreakGens,1,18
1781598258,DovyGens,1,26
1781598378,AltarExtra,1,16
1781598378,TechMines,1,173
1781598378,Altarly,1,15
1781598378,CreakGens,1,24
1781598378,DovyGens,1,26
1781598499,AltarExtra,1,16
1781598499,TechMines,1,171
1781598499,Altarly,1,15
1781598499,CreakGens,1,24
1781598499,DovyGens,1,24
1781598622,AltarExtra,1,17
1781598622,TechMines,1,172
1781598622,Altarly,1,16
1781598622,CreakGens,1,23
1781598622,DovyGens,1,23
